"qseqid","sseqid","pident","length","qcovs","qstart","qend","sstart","send","evalue","bitscore","qseq","sseq"
"pasA1","ref|NZ_JHTM01000242.1|",100,84,100,1,84,359,276,1.97e-37,156,"TGCCATATAGAAGCAACATGTGAAGTACATCTATCCTTTTGAGCCAGCACCTCTCCACCGAAAGTCAGTGCTGGCTGTTTTTTT","TGCCATATAGAAGCAACATGTGAAGTACATCTATCCTTTTGAGCCAGCACCTCTCCACCGAAAGTCAGTGCTGGCTGTTTTTTT"
"pasA1","ref|NZ_JHSI01000061.1|",100,84,100,1,84,361,278,1.97e-37,156,"TGCCATATAGAAGCAACATGTGAAGTACATCTATCCTTTTGAGCCAGCACCTCTCCACCGAAAGTCAGTGCTGGCTGTTTTTTT","TGCCATATAGAAGCAACATGTGAAGTACATCTATCCTTTTGAGCCAGCACCTCTCCACCGAAAGTCAGTGCTGGCTGTTTTTTT"
"pasA1","ref|NZ_JHRJ01000122.1|",100,84,100,1,84,1038,955,1.97e-37,156,"TGCCATATAGAAGCAACATGTGAAGTACATCTATCCTTTTGAGCCAGCACCTCTCCACCGAAAGTCAGTGCTGGCTGTTTTTTT","TGCCATATAGAAGCAACATGTGAAGTACATCTATCCTTTTGAGCCAGCACCTCTCCACCGAAAGTCAGTGCTGGCTGTTTTTTT"
"pasA1","ref|NZ_JHTJ01000081.1|",100,84,100,1,84,2497,2414,1.97e-37,156,"TGCCATATAGAAGCAACATGTGAAGTACATCTATCCTTTTGAGCCAGCACCTCTCCACCGAAAGTCAGTGCTGGCTGTTTTTTT","TGCCATATAGAAGCAACATGTGAAGTACATCTATCCTTTTGAGCCAGCACCTCTCCACCGAAAGTCAGTGCTGGCTGTTTTTTT"
"pasA1","ref|NZ_JHTK01000075.1|",100,84,100,1,84,2745,2828,1.97e-37,156,"TGCCATATAGAAGCAACATGTGAAGTACATCTATCCTTTTGAGCCAGCACCTCTCCACCGAAAGTCAGTGCTGGCTGTTTTTTT","TGCCATATAGAAGCAACATGTGAAGTACATCTATCCTTTTGAGCCAGCACCTCTCCACCGAAAGTCAGTGCTGGCTGTTTTTTT"
"pasA1","ref|NZ_JHTI01000006.1|",100,84,100,1,84,23623,23706,1.97e-37,156,"TGCCATATAGAAGCAACATGTGAAGTACATCTATCCTTTTGAGCCAGCACCTCTCCACCGAAAGTCAGTGCTGGCTGTTTTTTT","TGCCATATAGAAGCAACATGTGAAGTACATCTATCCTTTTGAGCCAGCACCTCTCCACCGAAAGTCAGTGCTGGCTGTTTTTTT"
"pasA1","ref|NZ_JHTF01000147.1|",100,84,100,1,84,1616,1533,1.97e-37,156,"TGCCATATAGAAGCAACATGTGAAGTACATCTATCCTTTTGAGCCAGCACCTCTCCACCGAAAGTCAGTGCTGGCTGTTTTTTT","TGCCATATAGAAGCAACATGTGAAGTACATCTATCCTTTTGAGCCAGCACCTCTCCACCGAAAGTCAGTGCTGGCTGTTTTTTT"
"pasA1","ref|NZ_JHTE01000099.1|",100,84,100,1,84,17182,17265,1.97e-37,156,"TGCCATATAGAAGCAACATGTGAAGTACATCTATCCTTTTGAGCCAGCACCTCTCCACCGAAAGTCAGTGCTGGCTGTTTTTTT","TGCCATATAGAAGCAACATGTGAAGTACATCTATCCTTTTGAGCCAGCACCTCTCCACCGAAAGTCAGTGCTGGCTGTTTTTTT"
"pasA1","ref|NZ_JHTB01000137.1|",100,84,100,1,84,1777,1860,1.97e-37,156,"TGCCATATAGAAGCAACATGTGAAGTACATCTATCCTTTTGAGCCAGCACCTCTCCACCGAAAGTCAGTGCTGGCTGTTTTTTT","TGCCATATAGAAGCAACATGTGAAGTACATCTATCCTTTTGAGCCAGCACCTCTCCACCGAAAGTCAGTGCTGGCTGTTTTTTT"
"pasA1","ref|NZ_JHSY01000221.1|",100,84,100,1,84,107,24,1.97e-37,156,"TGCCATATAGAAGCAACATGTGAAGTACATCTATCCTTTTGAGCCAGCACCTCTCCACCGAAAGTCAGTGCTGGCTGTTTTTTT","TGCCATATAGAAGCAACATGTGAAGTACATCTATCCTTTTGAGCCAGCACCTCTCCACCGAAAGTCAGTGCTGGCTGTTTTTTT"
"pasA1","ref|NZ_JHSV01000170.1|",100,84,100,1,84,164,247,1.97e-37,156,"TGCCATATAGAAGCAACATGTGAAGTACATCTATCCTTTTGAGCCAGCACCTCTCCACCGAAAGTCAGTGCTGGCTGTTTTTTT","TGCCATATAGAAGCAACATGTGAAGTACATCTATCCTTTTGAGCCAGCACCTCTCCACCGAAAGTCAGTGCTGGCTGTTTTTTT"
"pasA1","ref|NZ_JHSP01000165.1|",100,84,100,1,84,1127,1044,1.97e-37,156,"TGCCATATAGAAGCAACATGTGAAGTACATCTATCCTTTTGAGCCAGCACCTCTCCACCGAAAGTCAGTGCTGGCTGTTTTTTT","TGCCATATAGAAGCAACATGTGAAGTACATCTATCCTTTTGAGCCAGCACCTCTCCACCGAAAGTCAGTGCTGGCTGTTTTTTT"
"pasA1","ref|NZ_JHSO01000156.1|",100,84,100,1,84,593,510,1.97e-37,156,"TGCCATATAGAAGCAACATGTGAAGTACATCTATCCTTTTGAGCCAGCACCTCTCCACCGAAAGTCAGTGCTGGCTGTTTTTTT","TGCCATATAGAAGCAACATGTGAAGTACATCTATCCTTTTGAGCCAGCACCTCTCCACCGAAAGTCAGTGCTGGCTGTTTTTTT"
"pasA1","ref|NZ_JHSN01000119.1|",100,84,100,1,84,864,781,1.97e-37,156,"TGCCATATAGAAGCAACATGTGAAGTACATCTATCCTTTTGAGCCAGCACCTCTCCACCGAAAGTCAGTGCTGGCTGTTTTTTT","TGCCATATAGAAGCAACATGTGAAGTACATCTATCCTTTTGAGCCAGCACCTCTCCACCGAAAGTCAGTGCTGGCTGTTTTTTT"
"pasA1","ref|NZ_JHSH01000041.1|",100,84,100,1,84,8146,8063,1.97e-37,156,"TGCCATATAGAAGCAACATGTGAAGTACATCTATCCTTTTGAGCCAGCACCTCTCCACCGAAAGTCAGTGCTGGCTGTTTTTTT","TGCCATATAGAAGCAACATGTGAAGTACATCTATCCTTTTGAGCCAGCACCTCTCCACCGAAAGTCAGTGCTGGCTGTTTTTTT"
"pasA1","ref|NZ_JHSG01000095.1|",100,84,100,1,84,440,357,1.97e-37,156,"TGCCATATAGAAGCAACATGTGAAGTACATCTATCCTTTTGAGCCAGCACCTCTCCACCGAAAGTCAGTGCTGGCTGTTTTTTT","TGCCATATAGAAGCAACATGTGAAGTACATCTATCCTTTTGAGCCAGCACCTCTCCACCGAAAGTCAGTGCTGGCTGTTTTTTT"
"pasA1","ref|NZ_JHSE01000212.1|",100,84,100,1,84,439,356,1.97e-37,156,"TGCCATATAGAAGCAACATGTGAAGTACATCTATCCTTTTGAGCCAGCACCTCTCCACCGAAAGTCAGTGCTGGCTGTTTTTTT","TGCCATATAGAAGCAACATGTGAAGTACATCTATCCTTTTGAGCCAGCACCTCTCCACCGAAAGTCAGTGCTGGCTGTTTTTTT"
"pasA1","ref|NZ_JHSD01000187.1|",100,84,100,1,84,13556,13639,1.97e-37,156,"TGCCATATAGAAGCAACATGTGAAGTACATCTATCCTTTTGAGCCAGCACCTCTCCACCGAAAGTCAGTGCTGGCTGTTTTTTT","TGCCATATAGAAGCAACATGTGAAGTACATCTATCCTTTTGAGCCAGCACCTCTCCACCGAAAGTCAGTGCTGGCTGTTTTTTT"
"pasA1","ref|NZ_JHSC01000018.1|",100,84,100,1,84,5462,5545,1.97e-37,156,"TGCCATATAGAAGCAACATGTGAAGTACATCTATCCTTTTGAGCCAGCACCTCTCCACCGAAAGTCAGTGCTGGCTGTTTTTTT","TGCCATATAGAAGCAACATGTGAAGTACATCTATCCTTTTGAGCCAGCACCTCTCCACCGAAAGTCAGTGCTGGCTGTTTTTTT"
"pasA1","ref|NZ_JHSA01000094.1|",100,84,100,1,84,443,360,1.97e-37,156,"TGCCATATAGAAGCAACATGTGAAGTACATCTATCCTTTTGAGCCAGCACCTCTCCACCGAAAGTCAGTGCTGGCTGTTTTTTT","TGCCATATAGAAGCAACATGTGAAGTACATCTATCCTTTTGAGCCAGCACCTCTCCACCGAAAGTCAGTGCTGGCTGTTTTTTT"
"pasA1","ref|NZ_JHRZ01000087.1|",100,84,100,1,84,360,277,1.97e-37,156,"TGCCATATAGAAGCAACATGTGAAGTACATCTATCCTTTTGAGCCAGCACCTCTCCACCGAAAGTCAGTGCTGGCTGTTTTTTT","TGCCATATAGAAGCAACATGTGAAGTACATCTATCCTTTTGAGCCAGCACCTCTCCACCGAAAGTCAGTGCTGGCTGTTTTTTT"
"pasA1","ref|NZ_JHRW01000166.1|",100,84,100,1,84,359,276,1.97e-37,156,"TGCCATATAGAAGCAACATGTGAAGTACATCTATCCTTTTGAGCCAGCACCTCTCCACCGAAAGTCAGTGCTGGCTGTTTTTTT","TGCCATATAGAAGCAACATGTGAAGTACATCTATCCTTTTGAGCCAGCACCTCTCCACCGAAAGTCAGTGCTGGCTGTTTTTTT"
"pasA1","ref|NZ_JHRS01000398.1|",100,84,100,1,84,1769,1852,1.97e-37,156,"TGCCATATAGAAGCAACATGTGAAGTACATCTATCCTTTTGAGCCAGCACCTCTCCACCGAAAGTCAGTGCTGGCTGTTTTTTT","TGCCATATAGAAGCAACATGTGAAGTACATCTATCCTTTTGAGCCAGCACCTCTCCACCGAAAGTCAGTGCTGGCTGTTTTTTT"
"pasA1","ref|NZ_JHRQ01000075.1|",100,84,100,1,84,638,555,1.97e-37,156,"TGCCATATAGAAGCAACATGTGAAGTACATCTATCCTTTTGAGCCAGCACCTCTCCACCGAAAGTCAGTGCTGGCTGTTTTTTT","TGCCATATAGAAGCAACATGTGAAGTACATCTATCCTTTTGAGCCAGCACCTCTCCACCGAAAGTCAGTGCTGGCTGTTTTTTT"
"pasA1","ref|NZ_JHRP01000244.1|",100,84,100,1,84,94,177,1.97e-37,156,"TGCCATATAGAAGCAACATGTGAAGTACATCTATCCTTTTGAGCCAGCACCTCTCCACCGAAAGTCAGTGCTGGCTGTTTTTTT","TGCCATATAGAAGCAACATGTGAAGTACATCTATCCTTTTGAGCCAGCACCTCTCCACCGAAAGTCAGTGCTGGCTGTTTTTTT"
"pasA1","ref|NZ_JHRN01000088.1|",100,84,100,1,84,439,356,1.97e-37,156,"TGCCATATAGAAGCAACATGTGAAGTACATCTATCCTTTTGAGCCAGCACCTCTCCACCGAAAGTCAGTGCTGGCTGTTTTTTT","TGCCATATAGAAGCAACATGTGAAGTACATCTATCCTTTTGAGCCAGCACCTCTCCACCGAAAGTCAGTGCTGGCTGTTTTTTT"
"pasA1","ref|NZ_JHRI01000275.1|",100,84,100,1,84,2223,2306,1.97e-37,156,"TGCCATATAGAAGCAACATGTGAAGTACATCTATCCTTTTGAGCCAGCACCTCTCCACCGAAAGTCAGTGCTGGCTGTTTTTTT","TGCCATATAGAAGCAACATGTGAAGTACATCTATCCTTTTGAGCCAGCACCTCTCCACCGAAAGTCAGTGCTGGCTGTTTTTTT"
"pasA1","ref|NZ_JHRK01000109.1|",100,84,100,1,84,2225,2308,1.97e-37,156,"TGCCATATAGAAGCAACATGTGAAGTACATCTATCCTTTTGAGCCAGCACCTCTCCACCGAAAGTCAGTGCTGGCTGTTTTTTT","TGCCATATAGAAGCAACATGTGAAGTACATCTATCCTTTTGAGCCAGCACCTCTCCACCGAAAGTCAGTGCTGGCTGTTTTTTT"
"pasA1","ref|NZ_JHRL01000142.1|",100,84,100,1,84,361,278,1.97e-37,156,"TGCCATATAGAAGCAACATGTGAAGTACATCTATCCTTTTGAGCCAGCACCTCTCCACCGAAAGTCAGTGCTGGCTGTTTTTTT","TGCCATATAGAAGCAACATGTGAAGTACATCTATCCTTTTGAGCCAGCACCTCTCCACCGAAAGTCAGTGCTGGCTGTTTTTTT"
"pasA1","ref|NZ_JHRF01000297.1|",100,84,100,1,84,330,413,1.97e-37,156,"TGCCATATAGAAGCAACATGTGAAGTACATCTATCCTTTTGAGCCAGCACCTCTCCACCGAAAGTCAGTGCTGGCTGTTTTTTT","TGCCATATAGAAGCAACATGTGAAGTACATCTATCCTTTTGAGCCAGCACCTCTCCACCGAAAGTCAGTGCTGGCTGTTTTTTT"
"pasA1","ref|NZ_JHRG01000295.1|",100,84,100,1,84,1019,1102,1.97e-37,156,"TGCCATATAGAAGCAACATGTGAAGTACATCTATCCTTTTGAGCCAGCACCTCTCCACCGAAAGTCAGTGCTGGCTGTTTTTTT","TGCCATATAGAAGCAACATGTGAAGTACATCTATCCTTTTGAGCCAGCACCTCTCCACCGAAAGTCAGTGCTGGCTGTTTTTTT"
"pasA1","ref|NZ_JHRB01000273.1|",100,84,100,1,84,2622,2539,1.97e-37,156,"TGCCATATAGAAGCAACATGTGAAGTACATCTATCCTTTTGAGCCAGCACCTCTCCACCGAAAGTCAGTGCTGGCTGTTTTTTT","TGCCATATAGAAGCAACATGTGAAGTACATCTATCCTTTTGAGCCAGCACCTCTCCACCGAAAGTCAGTGCTGGCTGTTTTTTT"
"pasA1","ref|NZ_JHRA01000088.1|",100,84,100,1,84,859,776,1.97e-37,156,"TGCCATATAGAAGCAACATGTGAAGTACATCTATCCTTTTGAGCCAGCACCTCTCCACCGAAAGTCAGTGCTGGCTGTTTTTTT","TGCCATATAGAAGCAACATGTGAAGTACATCTATCCTTTTGAGCCAGCACCTCTCCACCGAAAGTCAGTGCTGGCTGTTTTTTT"
"pasA1","ref|NZ_JHQY01000182.1|",100,84,100,1,84,311,394,1.97e-37,156,"TGCCATATAGAAGCAACATGTGAAGTACATCTATCCTTTTGAGCCAGCACCTCTCCACCGAAAGTCAGTGCTGGCTGTTTTTTT","TGCCATATAGAAGCAACATGTGAAGTACATCTATCCTTTTGAGCCAGCACCTCTCCACCGAAAGTCAGTGCTGGCTGTTTTTTT"
"pasA1","ref|NZ_JHQW01000095.1|",100,84,100,1,84,2469,2552,1.97e-37,156,"TGCCATATAGAAGCAACATGTGAAGTACATCTATCCTTTTGAGCCAGCACCTCTCCACCGAAAGTCAGTGCTGGCTGTTTTTTT","TGCCATATAGAAGCAACATGTGAAGTACATCTATCCTTTTGAGCCAGCACCTCTCCACCGAAAGTCAGTGCTGGCTGTTTTTTT"
"pasA1","ref|NZ_JHQV01000070.1|",100,84,100,1,84,2496,2413,1.97e-37,156,"TGCCATATAGAAGCAACATGTGAAGTACATCTATCCTTTTGAGCCAGCACCTCTCCACCGAAAGTCAGTGCTGGCTGTTTTTTT","TGCCATATAGAAGCAACATGTGAAGTACATCTATCCTTTTGAGCCAGCACCTCTCCACCGAAAGTCAGTGCTGGCTGTTTTTTT"
"pasA1","ref|NZ_JHQX01000078.1|",100,84,100,1,84,2767,2850,1.97e-37,156,"TGCCATATAGAAGCAACATGTGAAGTACATCTATCCTTTTGAGCCAGCACCTCTCCACCGAAAGTCAGTGCTGGCTGTTTTTTT","TGCCATATAGAAGCAACATGTGAAGTACATCTATCCTTTTGAGCCAGCACCTCTCCACCGAAAGTCAGTGCTGGCTGTTTTTTT"
"pasA1","ref|NZ_JHTD01000068.1|",100,72,86,1,72,3312,3383,9.24e-31,134,"TGCCATATAGAAGCAACATGTGAAGTACATCTATCCTTTTGAGCCAGCACCTCTCCACCGAAAGTCAGTGCT","TGCCATATAGAAGCAACATGTGAAGTACATCTATCCTTTTGAGCCAGCACCTCTCCACCGAAAGTCAGTGCT"
"pasA1","ref|NZ_JHTD01000058.1|",100,72,100,1,72,94,165,9.24e-31,134,"TGCCATATAGAAGCAACATGTGAAGTACATCTATCCTTTTGAGCCAGCACCTCTCCACCGAAAGTCAGTGCT","TGCCATATAGAAGCAACATGTGAAGTACATCTATCCTTTTGAGCCAGCACCTCTCCACCGAAAGTCAGTGCT"
"pasA1","ref|NZ_JHSS01000064.1|",100,72,86,1,72,170,99,9.24e-31,134,"TGCCATATAGAAGCAACATGTGAAGTACATCTATCCTTTTGAGCCAGCACCTCTCCACCGAAAGTCAGTGCT","TGCCATATAGAAGCAACATGTGAAGTACATCTATCCTTTTGAGCCAGCACCTCTCCACCGAAAGTCAGTGCT"
"pasA2","ref|NZ_JHTK01000047.1|",100,84,100,1,84,2546,2463,1.97e-37,156,"CGCCAGGCATAAGTATCATGTGAAATCCAACTATCCTTCTGAGCCAGCACCTCTCCACCGAAAGTCAGTGCTGGCTGTTTTTTT","CGCCAGGCATAAGTATCATGTGAAATCCAACTATCCTTCTGAGCCAGCACCTCTCCACCGAAAGTCAGTGCTGGCTGTTTTTTT"
"pasA2","ref|NZ_JHTH01000157.1|",100,84,100,1,84,4776,4859,1.97e-37,156,"CGCCAGGCATAAGTATCATGTGAAATCCAACTATCCTTCTGAGCCAGCACCTCTCCACCGAAAGTCAGTGCTGGCTGTTTTTTT","CGCCAGGCATAAGTATCATGTGAAATCCAACTATCCTTCTGAGCCAGCACCTCTCCACCGAAAGTCAGTGCTGGCTGTTTTTTT"
"pasA2","ref|NZ_JHTG01000095.1|",100,84,100,1,84,3714,3797,1.97e-37,156,"CGCCAGGCATAAGTATCATGTGAAATCCAACTATCCTTCTGAGCCAGCACCTCTCCACCGAAAGTCAGTGCTGGCTGTTTTTTT","CGCCAGGCATAAGTATCATGTGAAATCCAACTATCCTTCTGAGCCAGCACCTCTCCACCGAAAGTCAGTGCTGGCTGTTTTTTT"
"pasA2","ref|NZ_JHTD01000058.1|",100,84,100,1,84,6872,6955,1.97e-37,156,"CGCCAGGCATAAGTATCATGTGAAATCCAACTATCCTTCTGAGCCAGCACCTCTCCACCGAAAGTCAGTGCTGGCTGTTTTTTT","CGCCAGGCATAAGTATCATGTGAAATCCAACTATCCTTCTGAGCCAGCACCTCTCCACCGAAAGTCAGTGCTGGCTGTTTTTTT"
"pasA2","ref|NZ_JHSZ01000020.1|",100,84,100,1,84,147126,147043,1.97e-37,156,"CGCCAGGCATAAGTATCATGTGAAATCCAACTATCCTTCTGAGCCAGCACCTCTCCACCGAAAGTCAGTGCTGGCTGTTTTTTT","CGCCAGGCATAAGTATCATGTGAAATCCAACTATCCTTCTGAGCCAGCACCTCTCCACCGAAAGTCAGTGCTGGCTGTTTTTTT"
"pasA2","ref|NZ_JHSY01000330.1|",100,84,100,1,84,1490,1407,1.97e-37,156,"CGCCAGGCATAAGTATCATGTGAAATCCAACTATCCTTCTGAGCCAGCACCTCTCCACCGAAAGTCAGTGCTGGCTGTTTTTTT","CGCCAGGCATAAGTATCATGTGAAATCCAACTATCCTTCTGAGCCAGCACCTCTCCACCGAAAGTCAGTGCTGGCTGTTTTTTT"
"pasA2","ref|NZ_JHSX01000058.1|",100,84,100,1,84,290,207,1.97e-37,156,"CGCCAGGCATAAGTATCATGTGAAATCCAACTATCCTTCTGAGCCAGCACCTCTCCACCGAAAGTCAGTGCTGGCTGTTTTTTT","CGCCAGGCATAAGTATCATGTGAAATCCAACTATCCTTCTGAGCCAGCACCTCTCCACCGAAAGTCAGTGCTGGCTGTTTTTTT"
"pasA2","ref|NZ_JHSX01000037.1|",100,84,100,1,84,322,405,1.97e-37,156,"CGCCAGGCATAAGTATCATGTGAAATCCAACTATCCTTCTGAGCCAGCACCTCTCCACCGAAAGTCAGTGCTGGCTGTTTTTTT","CGCCAGGCATAAGTATCATGTGAAATCCAACTATCCTTCTGAGCCAGCACCTCTCCACCGAAAGTCAGTGCTGGCTGTTTTTTT"
"pasA2","ref|NZ_JHSW01000085.1|",100,84,100,1,84,1958,1875,1.97e-37,156,"CGCCAGGCATAAGTATCATGTGAAATCCAACTATCCTTCTGAGCCAGCACCTCTCCACCGAAAGTCAGTGCTGGCTGTTTTTTT","CGCCAGGCATAAGTATCATGTGAAATCCAACTATCCTTCTGAGCCAGCACCTCTCCACCGAAAGTCAGTGCTGGCTGTTTTTTT"
"pasA2","ref|NZ_JHSU01000092.1|",100,84,100,1,84,3064,3147,1.97e-37,156,"CGCCAGGCATAAGTATCATGTGAAATCCAACTATCCTTCTGAGCCAGCACCTCTCCACCGAAAGTCAGTGCTGGCTGTTTTTTT","CGCCAGGCATAAGTATCATGTGAAATCCAACTATCCTTCTGAGCCAGCACCTCTCCACCGAAAGTCAGTGCTGGCTGTTTTTTT"
"pasA2","ref|NZ_JHST01000067.1|",100,84,100,1,84,6499,6582,1.97e-37,156,"CGCCAGGCATAAGTATCATGTGAAATCCAACTATCCTTCTGAGCCAGCACCTCTCCACCGAAAGTCAGTGCTGGCTGTTTTTTT","CGCCAGGCATAAGTATCATGTGAAATCCAACTATCCTTCTGAGCCAGCACCTCTCCACCGAAAGTCAGTGCTGGCTGTTTTTTT"
"pasA2","ref|NZ_JHSR01000064.1|",100,84,100,1,84,553,470,1.97e-37,156,"CGCCAGGCATAAGTATCATGTGAAATCCAACTATCCTTCTGAGCCAGCACCTCTCCACCGAAAGTCAGTGCTGGCTGTTTTTTT","CGCCAGGCATAAGTATCATGTGAAATCCAACTATCCTTCTGAGCCAGCACCTCTCCACCGAAAGTCAGTGCTGGCTGTTTTTTT"
"pasA2","ref|NZ_JHSQ01000122.1|",100,84,100,1,84,309,226,1.97e-37,156,"CGCCAGGCATAAGTATCATGTGAAATCCAACTATCCTTCTGAGCCAGCACCTCTCCACCGAAAGTCAGTGCTGGCTGTTTTTTT","CGCCAGGCATAAGTATCATGTGAAATCCAACTATCCTTCTGAGCCAGCACCTCTCCACCGAAAGTCAGTGCTGGCTGTTTTTTT"
"pasA2","ref|NZ_JHSM01000058.1|",100,84,100,1,84,3406,3323,1.97e-37,156,"CGCCAGGCATAAGTATCATGTGAAATCCAACTATCCTTCTGAGCCAGCACCTCTCCACCGAAAGTCAGTGCTGGCTGTTTTTTT","CGCCAGGCATAAGTATCATGTGAAATCCAACTATCCTTCTGAGCCAGCACCTCTCCACCGAAAGTCAGTGCTGGCTGTTTTTTT"
"pasA2","ref|NZ_JHSL01000057.1|",100,84,100,1,84,3406,3323,1.97e-37,156,"CGCCAGGCATAAGTATCATGTGAAATCCAACTATCCTTCTGAGCCAGCACCTCTCCACCGAAAGTCAGTGCTGGCTGTTTTTTT","CGCCAGGCATAAGTATCATGTGAAATCCAACTATCCTTCTGAGCCAGCACCTCTCCACCGAAAGTCAGTGCTGGCTGTTTTTTT"
"pasA2","ref|NZ_JHSK01000058.1|",100,84,100,1,84,1249,1166,1.97e-37,156,"CGCCAGGCATAAGTATCATGTGAAATCCAACTATCCTTCTGAGCCAGCACCTCTCCACCGAAAGTCAGTGCTGGCTGTTTTTTT","CGCCAGGCATAAGTATCATGTGAAATCCAACTATCCTTCTGAGCCAGCACCTCTCCACCGAAAGTCAGTGCTGGCTGTTTTTTT"
"pasA2","ref|NZ_JHSG01000094.1|",100,84,100,1,84,748,665,1.97e-37,156,"CGCCAGGCATAAGTATCATGTGAAATCCAACTATCCTTCTGAGCCAGCACCTCTCCACCGAAAGTCAGTGCTGGCTGTTTTTTT","CGCCAGGCATAAGTATCATGTGAAATCCAACTATCCTTCTGAGCCAGCACCTCTCCACCGAAAGTCAGTGCTGGCTGTTTTTTT"
"pasA2","ref|NZ_JHSF01000123.1|",100,84,100,1,84,14899,14982,1.97e-37,156,"CGCCAGGCATAAGTATCATGTGAAATCCAACTATCCTTCTGAGCCAGCACCTCTCCACCGAAAGTCAGTGCTGGCTGTTTTTTT","CGCCAGGCATAAGTATCATGTGAAATCCAACTATCCTTCTGAGCCAGCACCTCTCCACCGAAAGTCAGTGCTGGCTGTTTTTTT"
"pasA2","ref|NZ_JHSB01000053.1|",100,84,100,1,84,1199,1116,1.97e-37,156,"CGCCAGGCATAAGTATCATGTGAAATCCAACTATCCTTCTGAGCCAGCACCTCTCCACCGAAAGTCAGTGCTGGCTGTTTTTTT","CGCCAGGCATAAGTATCATGTGAAATCCAACTATCCTTCTGAGCCAGCACCTCTCCACCGAAAGTCAGTGCTGGCTGTTTTTTT"
"pasA2","ref|NZ_JHSA01000093.1|",100,84,100,1,84,294,377,1.97e-37,156,"CGCCAGGCATAAGTATCATGTGAAATCCAACTATCCTTCTGAGCCAGCACCTCTCCACCGAAAGTCAGTGCTGGCTGTTTTTTT","CGCCAGGCATAAGTATCATGTGAAATCCAACTATCCTTCTGAGCCAGCACCTCTCCACCGAAAGTCAGTGCTGGCTGTTTTTTT"
"pasA2","ref|NZ_JHRZ01000057.1|",100,84,100,1,84,18184,18267,1.97e-37,156,"CGCCAGGCATAAGTATCATGTGAAATCCAACTATCCTTCTGAGCCAGCACCTCTCCACCGAAAGTCAGTGCTGGCTGTTTTTTT","CGCCAGGCATAAGTATCATGTGAAATCCAACTATCCTTCTGAGCCAGCACCTCTCCACCGAAAGTCAGTGCTGGCTGTTTTTTT"
"pasA2","ref|NZ_JHRX01000051.1|",100,84,100,1,84,320,237,1.97e-37,156,"CGCCAGGCATAAGTATCATGTGAAATCCAACTATCCTTCTGAGCCAGCACCTCTCCACCGAAAGTCAGTGCTGGCTGTTTTTTT","CGCCAGGCATAAGTATCATGTGAAATCCAACTATCCTTCTGAGCCAGCACCTCTCCACCGAAAGTCAGTGCTGGCTGTTTTTTT"
"pasA2","ref|NZ_JHRU01000073.1|",100,84,100,1,84,333,250,1.97e-37,156,"CGCCAGGCATAAGTATCATGTGAAATCCAACTATCCTTCTGAGCCAGCACCTCTCCACCGAAAGTCAGTGCTGGCTGTTTTTTT","CGCCAGGCATAAGTATCATGTGAAATCCAACTATCCTTCTGAGCCAGCACCTCTCCACCGAAAGTCAGTGCTGGCTGTTTTTTT"
"pasA2","ref|NZ_JHRU01000004.1|",100,84,100,1,84,342,259,1.97e-37,156,"CGCCAGGCATAAGTATCATGTGAAATCCAACTATCCTTCTGAGCCAGCACCTCTCCACCGAAAGTCAGTGCTGGCTGTTTTTTT","CGCCAGGCATAAGTATCATGTGAAATCCAACTATCCTTCTGAGCCAGCACCTCTCCACCGAAAGTCAGTGCTGGCTGTTTTTTT"
"pasA2","ref|NZ_JHRT01000144.1|",100,84,100,1,84,414,331,1.97e-37,156,"CGCCAGGCATAAGTATCATGTGAAATCCAACTATCCTTCTGAGCCAGCACCTCTCCACCGAAAGTCAGTGCTGGCTGTTTTTTT","CGCCAGGCATAAGTATCATGTGAAATCCAACTATCCTTCTGAGCCAGCACCTCTCCACCGAAAGTCAGTGCTGGCTGTTTTTTT"
"pasA2","ref|NZ_JHRR01000062.1|",100,84,100,1,84,2714,2797,1.97e-37,156,"CGCCAGGCATAAGTATCATGTGAAATCCAACTATCCTTCTGAGCCAGCACCTCTCCACCGAAAGTCAGTGCTGGCTGTTTTTTT","CGCCAGGCATAAGTATCATGTGAAATCCAACTATCCTTCTGAGCCAGCACCTCTCCACCGAAAGTCAGTGCTGGCTGTTTTTTT"
"pasA2","ref|NZ_JHRO01000129.1|",100,84,100,1,84,2277,2360,1.97e-37,156,"CGCCAGGCATAAGTATCATGTGAAATCCAACTATCCTTCTGAGCCAGCACCTCTCCACCGAAAGTCAGTGCTGGCTGTTTTTTT","CGCCAGGCATAAGTATCATGTGAAATCCAACTATCCTTCTGAGCCAGCACCTCTCCACCGAAAGTCAGTGCTGGCTGTTTTTTT"
"pasA2","ref|NZ_JHRM01000024.1|",100,84,100,1,84,646,729,1.97e-37,156,"CGCCAGGCATAAGTATCATGTGAAATCCAACTATCCTTCTGAGCCAGCACCTCTCCACCGAAAGTCAGTGCTGGCTGTTTTTTT","CGCCAGGCATAAGTATCATGTGAAATCCAACTATCCTTCTGAGCCAGCACCTCTCCACCGAAAGTCAGTGCTGGCTGTTTTTTT"
"pasA2","ref|NZ_JHRH01000200.1|",100,84,100,1,84,1028,945,1.97e-37,156,"CGCCAGGCATAAGTATCATGTGAAATCCAACTATCCTTCTGAGCCAGCACCTCTCCACCGAAAGTCAGTGCTGGCTGTTTTTTT","CGCCAGGCATAAGTATCATGTGAAATCCAACTATCCTTCTGAGCCAGCACCTCTCCACCGAAAGTCAGTGCTGGCTGTTTTTTT"
"pasA2","ref|NZ_JHRG01000294.1|",100,84,100,1,84,437,354,1.97e-37,156,"CGCCAGGCATAAGTATCATGTGAAATCCAACTATCCTTCTGAGCCAGCACCTCTCCACCGAAAGTCAGTGCTGGCTGTTTTTTT","CGCCAGGCATAAGTATCATGTGAAATCCAACTATCCTTCTGAGCCAGCACCTCTCCACCGAAAGTCAGTGCTGGCTGTTTTTTT"
"pasA2","ref|NZ_JHRD01000063.1|",100,84,100,1,84,11535,11618,1.97e-37,156,"CGCCAGGCATAAGTATCATGTGAAATCCAACTATCCTTCTGAGCCAGCACCTCTCCACCGAAAGTCAGTGCTGGCTGTTTTTTT","CGCCAGGCATAAGTATCATGTGAAATCCAACTATCCTTCTGAGCCAGCACCTCTCCACCGAAAGTCAGTGCTGGCTGTTTTTTT"
"pasA2","ref|NZ_JHRC01000057.1|",100,84,100,1,84,1199,1116,1.97e-37,156,"CGCCAGGCATAAGTATCATGTGAAATCCAACTATCCTTCTGAGCCAGCACCTCTCCACCGAAAGTCAGTGCTGGCTGTTTTTTT","CGCCAGGCATAAGTATCATGTGAAATCCAACTATCCTTCTGAGCCAGCACCTCTCCACCGAAAGTCAGTGCTGGCTGTTTTTTT"
"pasA2","ref|NZ_JHQZ01000080.1|",100,84,100,1,84,5351,5434,1.97e-37,156,"CGCCAGGCATAAGTATCATGTGAAATCCAACTATCCTTCTGAGCCAGCACCTCTCCACCGAAAGTCAGTGCTGGCTGTTTTTTT","CGCCAGGCATAAGTATCATGTGAAATCCAACTATCCTTCTGAGCCAGCACCTCTCCACCGAAAGTCAGTGCTGGCTGTTTTTTT"
"pasA2","ref|NZ_JHQX01000068.1|",100,84,100,1,84,3806,3889,1.97e-37,156,"CGCCAGGCATAAGTATCATGTGAAATCCAACTATCCTTCTGAGCCAGCACCTCTCCACCGAAAGTCAGTGCTGGCTGTTTTTTT","CGCCAGGCATAAGTATCATGTGAAATCCAACTATCCTTCTGAGCCAGCACCTCTCCACCGAAAGTCAGTGCTGGCTGTTTTTTT"
"pasB","ref|NZ_JHRJ01000081.1|",100,83,100,1,83,5300,5382,6.98e-37,154,"TGCCCGAGTAACAAAAACAACTCCTTCACATTGATCTTCATTTGTCTGTCCCCGCAGCTCCGCGATCACTGCGGGATTTTTTT","TGCCCGAGTAACAAAAACAACTCCTTCACATTGATCTTCATTTGTCTGTCCCCGCAGCTCCGCGATCACTGCGGGATTTTTTT"
"pasB","ref|NZ_JHTJ01000055.1|",100,83,100,1,83,19417,19335,6.98e-37,154,"TGCCCGAGTAACAAAAACAACTCCTTCACATTGATCTTCATTTGTCTGTCCCCGCAGCTCCGCGATCACTGCGGGATTTTTTT","TGCCCGAGTAACAAAAACAACTCCTTCACATTGATCTTCATTTGTCTGTCCCCGCAGCTCCGCGATCACTGCGGGATTTTTTT"
"pasB","ref|NZ_JHTF01000084.1|",100,83,100,1,83,19419,19337,6.98e-37,154,"TGCCCGAGTAACAAAAACAACTCCTTCACATTGATCTTCATTTGTCTGTCCCCGCAGCTCCGCGATCACTGCGGGATTTTTTT","TGCCCGAGTAACAAAAACAACTCCTTCACATTGATCTTCATTTGTCTGTCCCCGCAGCTCCGCGATCACTGCGGGATTTTTTT"
"pasB","ref|NZ_JHTE01000075.1|",100,83,100,1,83,19379,19297,6.98e-37,154,"TGCCCGAGTAACAAAAACAACTCCTTCACATTGATCTTCATTTGTCTGTCCCCGCAGCTCCGCGATCACTGCGGGATTTTTTT","TGCCCGAGTAACAAAAACAACTCCTTCACATTGATCTTCATTTGTCTGTCCCCGCAGCTCCGCGATCACTGCGGGATTTTTTT"
"pasB","ref|NZ_JHSW01000111.1|",100,83,100,1,83,3319,3401,6.98e-37,154,"TGCCCGAGTAACAAAAACAACTCCTTCACATTGATCTTCATTTGTCTGTCCCCGCAGCTCCGCGATCACTGCGGGATTTTTTT","TGCCCGAGTAACAAAAACAACTCCTTCACATTGATCTTCATTTGTCTGTCCCCGCAGCTCCGCGATCACTGCGGGATTTTTTT"
"pasB","ref|NZ_JHSR01000060.1|",100,83,100,1,83,5446,5528,6.98e-37,154,"TGCCCGAGTAACAAAAACAACTCCTTCACATTGATCTTCATTTGTCTGTCCCCGCAGCTCCGCGATCACTGCGGGATTTTTTT","TGCCCGAGTAACAAAAACAACTCCTTCACATTGATCTTCATTTGTCTGTCCCCGCAGCTCCGCGATCACTGCGGGATTTTTTT"
"pasB","ref|NZ_JHRW01000143.1|",100,83,100,1,83,1208,1126,6.98e-37,154,"TGCCCGAGTAACAAAAACAACTCCTTCACATTGATCTTCATTTGTCTGTCCCCGCAGCTCCGCGATCACTGCGGGATTTTTTT","TGCCCGAGTAACAAAAACAACTCCTTCACATTGATCTTCATTTGTCTGTCCCCGCAGCTCCGCGATCACTGCGGGATTTTTTT"
"pasB","ref|NZ_JHRL01000067.1|",100,83,100,1,83,8761,8843,6.98e-37,154,"TGCCCGAGTAACAAAAACAACTCCTTCACATTGATCTTCATTTGTCTGTCCCCGCAGCTCCGCGATCACTGCGGGATTTTTTT","TGCCCGAGTAACAAAAACAACTCCTTCACATTGATCTTCATTTGTCTGTCCCCGCAGCTCCGCGATCACTGCGGGATTTTTTT"
"pasB","ref|NZ_JHRF01000198.1|",100,83,100,1,83,3842,3760,6.98e-37,154,"TGCCCGAGTAACAAAAACAACTCCTTCACATTGATCTTCATTTGTCTGTCCCCGCAGCTCCGCGATCACTGCGGGATTTTTTT","TGCCCGAGTAACAAAAACAACTCCTTCACATTGATCTTCATTTGTCTGTCCCCGCAGCTCCGCGATCACTGCGGGATTTTTTT"
"pasB","ref|NZ_JHQV01000069.1|",100,83,100,1,83,4793,4875,6.98e-37,154,"TGCCCGAGTAACAAAAACAACTCCTTCACATTGATCTTCATTTGTCTGTCCCCGCAGCTCCGCGATCACTGCGGGATTTTTTT","TGCCCGAGTAACAAAAACAACTCCTTCACATTGATCTTCATTTGTCTGTCCCCGCAGCTCCGCGATCACTGCGGGATTTTTTT"
"pasB","ref|NZ_JHSU01000110.1|",98.795,83,100,1,83,1618,1700,3.25e-35,148,"TGCCCGAGTAACAAAAACAACTCCTTCACATTGATCTTCATTTGTCTGTCCCCGCAGCTCCGCGATCACTGCGGGATTTTTTT","TGCCCGAGTAACAAAAACAACTCCTTAACATTGATCTTCATTTGTCTGTCCCCGCAGCTCCGCGATCACTGCGGGATTTTTTT"
"pasB","ref|NZ_JHSS01000081.1|",98.795,83,100,1,83,1910,1992,3.25e-35,148,"TGCCCGAGTAACAAAAACAACTCCTTCACATTGATCTTCATTTGTCTGTCCCCGCAGCTCCGCGATCACTGCGGGATTTTTTT","TGCCCGAGTAACAAAAACAACTCCTTAACATTGATCTTCATTTGTCTGTCCCCGCAGCTCCGCGATCACTGCGGGATTTTTTT"
"pasB","ref|NZ_JHSQ01000082.1|",98.795,83,100,1,83,744,662,3.25e-35,148,"TGCCCGAGTAACAAAAACAACTCCTTCACATTGATCTTCATTTGTCTGTCCCCGCAGCTCCGCGATCACTGCGGGATTTTTTT","TGCCCGAGTAACAAAAACAACTCCTTAACATTGATCTTCATTTGTCTGTCCCCGCAGCTCCGCGATCACTGCGGGATTTTTTT"
"pasB","ref|NZ_JHSN01000051.1|",98.795,83,100,1,83,8666,8748,3.25e-35,148,"TGCCCGAGTAACAAAAACAACTCCTTCACATTGATCTTCATTTGTCTGTCCCCGCAGCTCCGCGATCACTGCGGGATTTTTTT","TGCCCGAGTAACAAAAACAACTCCTTAACATTGATCTTCATTTGTCTGTCCCCGCAGCTCCGCGATCACTGCGGGATTTTTTT"
"pasB","ref|NZ_JHSJ01000073.1|",98.795,83,100,1,83,17074,16992,3.25e-35,148,"TGCCCGAGTAACAAAAACAACTCCTTCACATTGATCTTCATTTGTCTGTCCCCGCAGCTCCGCGATCACTGCGGGATTTTTTT","TGCCCGAGTAACAAAAACAACTCCTTAACATTGATCTTCATTTGTCTGTCCCCGCAGCTCCGCGATCACTGCGGGATTTTTTT"
"pasB","ref|NZ_JHRU01000046.1|",98.795,83,100,1,83,5419,5501,3.25e-35,148,"TGCCCGAGTAACAAAAACAACTCCTTCACATTGATCTTCATTTGTCTGTCCCCGCAGCTCCGCGATCACTGCGGGATTTTTTT","TGCCCGAGTAACAAAAACAACTCCTTAACATTGATCTTCATTTGTCTGTCCCCGCAGCTCCGCGATCACTGCGGGATTTTTTT"
"pasB","ref|NZ_JHRP01000071.1|",98.795,83,100,1,83,19742,19660,3.25e-35,148,"TGCCCGAGTAACAAAAACAACTCCTTCACATTGATCTTCATTTGTCTGTCCCCGCAGCTCCGCGATCACTGCGGGATTTTTTT","TGCCCGAGTAACAAAAACAACTCCTTAACATTGATCTTCATTTGTCTGTCCCCGCAGCTCCGCGATCACTGCGGGATTTTTTT"
"pasB","ref|NZ_JHRM01000092.1|",98.795,83,100,1,83,20617,20699,3.25e-35,148,"TGCCCGAGTAACAAAAACAACTCCTTCACATTGATCTTCATTTGTCTGTCCCCGCAGCTCCGCGATCACTGCGGGATTTTTTT","TGCCCGAGTAACAAAAACAACTCCTTAACATTGATCTTCATTTGTCTGTCCCCGCAGCTCCGCGATCACTGCGGGATTTTTTT"
"pasB","ref|NZ_JHRA01000116.1|",98.78,82,99,1,82,165,84,1.17e-34,147,"TGCCCGAGTAACAAAAACAACTCCTTCACATTGATCTTCATTTGTCTGTCCCCGCAGCTCCGCGATCACTGCGGGATTTTTT","TGCCCGAGTAACAAAAACAACTCCTTAACATTGATCTTCATTTGTCTGTCCCCGCAGCTCCGCGATCACTGCGGGATTTTTT"
"pasB","ref|NZ_JHQW01000129.1|",98.78,82,99,1,82,161,80,1.17e-34,147,"TGCCCGAGTAACAAAAACAACTCCTTCACATTGATCTTCATTTGTCTGTCCCCGCAGCTCCGCGATCACTGCGGGATTTTTT","TGCCCGAGTAACAAAAACAACTCCTTAACATTGATCTTCATTTGTCTGTCCCCGCAGCTCCGCGATCACTGCGGGATTTTTT"
"pasC","ref|NZ_JHRJ01000125.1|",100,78,100,1,78,2631,2554,3.84e-34,145,"CTGCCAAGTATAAGTATCATGTGAAGTACATCTACCCGTTTTAGCCAGCGTCCTTCAGAGTGGGCGCTGGCTTTTTTT","CTGCCAAGTATAAGTATCATGTGAAGTACATCTACCCGTTTTAGCCAGCGTCCTTCAGAGTGGGCGCTGGCTTTTTTT"
"pasC","ref|NZ_JHTJ01000076.1|",100,78,100,1,78,13066,13143,3.84e-34,145,"CTGCCAAGTATAAGTATCATGTGAAGTACATCTACCCGTTTTAGCCAGCGTCCTTCAGAGTGGGCGCTGGCTTTTTTT","CTGCCAAGTATAAGTATCATGTGAAGTACATCTACCCGTTTTAGCCAGCGTCCTTCAGAGTGGGCGCTGGCTTTTTTT"
"pasC","ref|NZ_JHTI01000035.1|",100,78,100,1,78,22180,22257,3.84e-34,145,"CTGCCAAGTATAAGTATCATGTGAAGTACATCTACCCGTTTTAGCCAGCGTCCTTCAGAGTGGGCGCTGGCTTTTTTT","CTGCCAAGTATAAGTATCATGTGAAGTACATCTACCCGTTTTAGCCAGCGTCCTTCAGAGTGGGCGCTGGCTTTTTTT"
"pasC","ref|NZ_JHTH01000174.1|",100,78,100,1,78,9449,9526,3.84e-34,145,"CTGCCAAGTATAAGTATCATGTGAAGTACATCTACCCGTTTTAGCCAGCGTCCTTCAGAGTGGGCGCTGGCTTTTTTT","CTGCCAAGTATAAGTATCATGTGAAGTACATCTACCCGTTTTAGCCAGCGTCCTTCAGAGTGGGCGCTGGCTTTTTTT"
"pasC","ref|NZ_JHTF01000180.1|",100,78,100,1,78,184,107,3.84e-34,145,"CTGCCAAGTATAAGTATCATGTGAAGTACATCTACCCGTTTTAGCCAGCGTCCTTCAGAGTGGGCGCTGGCTTTTTTT","CTGCCAAGTATAAGTATCATGTGAAGTACATCTACCCGTTTTAGCCAGCGTCCTTCAGAGTGGGCGCTGGCTTTTTTT"
"pasC","ref|NZ_JHTC01000065.1|",100,78,100,1,78,18092,18015,3.84e-34,145,"CTGCCAAGTATAAGTATCATGTGAAGTACATCTACCCGTTTTAGCCAGCGTCCTTCAGAGTGGGCGCTGGCTTTTTTT","CTGCCAAGTATAAGTATCATGTGAAGTACATCTACCCGTTTTAGCCAGCGTCCTTCAGAGTGGGCGCTGGCTTTTTTT"
"pasC","ref|NZ_JHTA01000063.1|",100,78,100,1,78,8349,8426,3.84e-34,145,"CTGCCAAGTATAAGTATCATGTGAAGTACATCTACCCGTTTTAGCCAGCGTCCTTCAGAGTGGGCGCTGGCTTTTTTT","CTGCCAAGTATAAGTATCATGTGAAGTACATCTACCCGTTTTAGCCAGCGTCCTTCAGAGTGGGCGCTGGCTTTTTTT"
"pasC","ref|NZ_JHSX01000033.1|",100,78,100,1,78,5159,5236,3.84e-34,145,"CTGCCAAGTATAAGTATCATGTGAAGTACATCTACCCGTTTTAGCCAGCGTCCTTCAGAGTGGGCGCTGGCTTTTTTT","CTGCCAAGTATAAGTATCATGTGAAGTACATCTACCCGTTTTAGCCAGCGTCCTTCAGAGTGGGCGCTGGCTTTTTTT"
"pasC","ref|NZ_JHSW01000113.1|",100,78,100,1,78,2418,2495,3.84e-34,145,"CTGCCAAGTATAAGTATCATGTGAAGTACATCTACCCGTTTTAGCCAGCGTCCTTCAGAGTGGGCGCTGGCTTTTTTT","CTGCCAAGTATAAGTATCATGTGAAGTACATCTACCCGTTTTAGCCAGCGTCCTTCAGAGTGGGCGCTGGCTTTTTTT"
"pasC","ref|NZ_JHSV01000084.1|",100,78,100,1,78,17463,17386,3.84e-34,145,"CTGCCAAGTATAAGTATCATGTGAAGTACATCTACCCGTTTTAGCCAGCGTCCTTCAGAGTGGGCGCTGGCTTTTTTT","CTGCCAAGTATAAGTATCATGTGAAGTACATCTACCCGTTTTAGCCAGCGTCCTTCAGAGTGGGCGCTGGCTTTTTTT"
"pasC","ref|NZ_JHSU01000088.1|",100,78,100,1,78,288,211,3.84e-34,145,"CTGCCAAGTATAAGTATCATGTGAAGTACATCTACCCGTTTTAGCCAGCGTCCTTCAGAGTGGGCGCTGGCTTTTTTT","CTGCCAAGTATAAGTATCATGTGAAGTACATCTACCCGTTTTAGCCAGCGTCCTTCAGAGTGGGCGCTGGCTTTTTTT"
"pasC","ref|NZ_JHST01000075.1|",100,78,100,1,78,5612,5689,3.84e-34,145,"CTGCCAAGTATAAGTATCATGTGAAGTACATCTACCCGTTTTAGCCAGCGTCCTTCAGAGTGGGCGCTGGCTTTTTTT","CTGCCAAGTATAAGTATCATGTGAAGTACATCTACCCGTTTTAGCCAGCGTCCTTCAGAGTGGGCGCTGGCTTTTTTT"
"pasC","ref|NZ_JHSN01000125.1|",100,78,100,1,78,540,463,3.84e-34,145,"CTGCCAAGTATAAGTATCATGTGAAGTACATCTACCCGTTTTAGCCAGCGTCCTTCAGAGTGGGCGCTGGCTTTTTTT","CTGCCAAGTATAAGTATCATGTGAAGTACATCTACCCGTTTTAGCCAGCGTCCTTCAGAGTGGGCGCTGGCTTTTTTT"
"pasC","ref|NZ_JHSM01000061.1|",100,78,100,1,78,5998,6075,3.84e-34,145,"CTGCCAAGTATAAGTATCATGTGAAGTACATCTACCCGTTTTAGCCAGCGTCCTTCAGAGTGGGCGCTGGCTTTTTTT","CTGCCAAGTATAAGTATCATGTGAAGTACATCTACCCGTTTTAGCCAGCGTCCTTCAGAGTGGGCGCTGGCTTTTTTT"
"pasC","ref|NZ_JHSL01000061.1|",100,78,100,1,78,1327,1250,3.84e-34,145,"CTGCCAAGTATAAGTATCATGTGAAGTACATCTACCCGTTTTAGCCAGCGTCCTTCAGAGTGGGCGCTGGCTTTTTTT","CTGCCAAGTATAAGTATCATGTGAAGTACATCTACCCGTTTTAGCCAGCGTCCTTCAGAGTGGGCGCTGGCTTTTTTT"
"pasC","ref|NZ_JHSK01000055.1|",100,78,100,1,78,5999,6076,3.84e-34,145,"CTGCCAAGTATAAGTATCATGTGAAGTACATCTACCCGTTTTAGCCAGCGTCCTTCAGAGTGGGCGCTGGCTTTTTTT","CTGCCAAGTATAAGTATCATGTGAAGTACATCTACCCGTTTTAGCCAGCGTCCTTCAGAGTGGGCGCTGGCTTTTTTT"
"pasC","ref|NZ_JHSH01000062.1|",100,78,100,1,78,208,131,3.84e-34,145,"CTGCCAAGTATAAGTATCATGTGAAGTACATCTACCCGTTTTAGCCAGCGTCCTTCAGAGTGGGCGCTGGCTTTTTTT","CTGCCAAGTATAAGTATCATGTGAAGTACATCTACCCGTTTTAGCCAGCGTCCTTCAGAGTGGGCGCTGGCTTTTTTT"
"pasC","ref|NZ_JHSH01000043.1|",100,78,100,1,78,65,142,3.84e-34,145,"CTGCCAAGTATAAGTATCATGTGAAGTACATCTACCCGTTTTAGCCAGCGTCCTTCAGAGTGGGCGCTGGCTTTTTTT","CTGCCAAGTATAAGTATCATGTGAAGTACATCTACCCGTTTTAGCCAGCGTCCTTCAGAGTGGGCGCTGGCTTTTTTT"
"pasC","ref|NZ_JHSF01000131.1|",100,78,100,1,78,5180,5257,3.84e-34,145,"CTGCCAAGTATAAGTATCATGTGAAGTACATCTACCCGTTTTAGCCAGCGTCCTTCAGAGTGGGCGCTGGCTTTTTTT","CTGCCAAGTATAAGTATCATGTGAAGTACATCTACCCGTTTTAGCCAGCGTCCTTCAGAGTGGGCGCTGGCTTTTTTT"
"pasC","ref|NZ_JHSD01000212.1|",100,78,100,1,78,3427,3504,3.84e-34,145,"CTGCCAAGTATAAGTATCATGTGAAGTACATCTACCCGTTTTAGCCAGCGTCCTTCAGAGTGGGCGCTGGCTTTTTTT","CTGCCAAGTATAAGTATCATGTGAAGTACATCTACCCGTTTTAGCCAGCGTCCTTCAGAGTGGGCGCTGGCTTTTTTT"
"pasC","ref|NZ_JHSC01000052.1|",100,78,100,1,78,3280,3357,3.84e-34,145,"CTGCCAAGTATAAGTATCATGTGAAGTACATCTACCCGTTTTAGCCAGCGTCCTTCAGAGTGGGCGCTGGCTTTTTTT","CTGCCAAGTATAAGTATCATGTGAAGTACATCTACCCGTTTTAGCCAGCGTCCTTCAGAGTGGGCGCTGGCTTTTTTT"
"pasC","ref|NZ_JHSB01000061.1|",100,78,100,1,78,1044,967,3.84e-34,145,"CTGCCAAGTATAAGTATCATGTGAAGTACATCTACCCGTTTTAGCCAGCGTCCTTCAGAGTGGGCGCTGGCTTTTTTT","CTGCCAAGTATAAGTATCATGTGAAGTACATCTACCCGTTTTAGCCAGCGTCCTTCAGAGTGGGCGCTGGCTTTTTTT"
"pasC","ref|NZ_JHRY01000147.1|",100,78,100,1,78,3607,3684,3.84e-34,145,"CTGCCAAGTATAAGTATCATGTGAAGTACATCTACCCGTTTTAGCCAGCGTCCTTCAGAGTGGGCGCTGGCTTTTTTT","CTGCCAAGTATAAGTATCATGTGAAGTACATCTACCCGTTTTAGCCAGCGTCCTTCAGAGTGGGCGCTGGCTTTTTTT"
"pasC","ref|NZ_JHRV01000081.1|",100,78,100,1,78,207,130,3.84e-34,145,"CTGCCAAGTATAAGTATCATGTGAAGTACATCTACCCGTTTTAGCCAGCGTCCTTCAGAGTGGGCGCTGGCTTTTTTT","CTGCCAAGTATAAGTATCATGTGAAGTACATCTACCCGTTTTAGCCAGCGTCCTTCAGAGTGGGCGCTGGCTTTTTTT"
"pasC","ref|NZ_JHRR01000057.1|",100,78,100,1,78,13726,13649,3.84e-34,145,"CTGCCAAGTATAAGTATCATGTGAAGTACATCTACCCGTTTTAGCCAGCGTCCTTCAGAGTGGGCGCTGGCTTTTTTT","CTGCCAAGTATAAGTATCATGTGAAGTACATCTACCCGTTTTAGCCAGCGTCCTTCAGAGTGGGCGCTGGCTTTTTTT"
"pasC","ref|NZ_JHRO01000115.1|",100,78,100,1,78,280,203,3.84e-34,145,"CTGCCAAGTATAAGTATCATGTGAAGTACATCTACCCGTTTTAGCCAGCGTCCTTCAGAGTGGGCGCTGGCTTTTTTT","CTGCCAAGTATAAGTATCATGTGAAGTACATCTACCCGTTTTAGCCAGCGTCCTTCAGAGTGGGCGCTGGCTTTTTTT"
"pasC","ref|NZ_JHRH01000141.1|",100,78,100,1,78,176,99,3.84e-34,145,"CTGCCAAGTATAAGTATCATGTGAAGTACATCTACCCGTTTTAGCCAGCGTCCTTCAGAGTGGGCGCTGGCTTTTTTT","CTGCCAAGTATAAGTATCATGTGAAGTACATCTACCCGTTTTAGCCAGCGTCCTTCAGAGTGGGCGCTGGCTTTTTTT"
"pasC","ref|NZ_JHRF01000306.1|",100,78,100,1,78,505,582,3.84e-34,145,"CTGCCAAGTATAAGTATCATGTGAAGTACATCTACCCGTTTTAGCCAGCGTCCTTCAGAGTGGGCGCTGGCTTTTTTT","CTGCCAAGTATAAGTATCATGTGAAGTACATCTACCCGTTTTAGCCAGCGTCCTTCAGAGTGGGCGCTGGCTTTTTTT"
"pasC","ref|NZ_JHRE01000218.1|",100,78,100,1,78,775,698,3.84e-34,145,"CTGCCAAGTATAAGTATCATGTGAAGTACATCTACCCGTTTTAGCCAGCGTCCTTCAGAGTGGGCGCTGGCTTTTTTT","CTGCCAAGTATAAGTATCATGTGAAGTACATCTACCCGTTTTAGCCAGCGTCCTTCAGAGTGGGCGCTGGCTTTTTTT"
"pasC","ref|NZ_JHRD01000066.1|",100,78,100,1,78,1040,963,3.84e-34,145,"CTGCCAAGTATAAGTATCATGTGAAGTACATCTACCCGTTTTAGCCAGCGTCCTTCAGAGTGGGCGCTGGCTTTTTTT","CTGCCAAGTATAAGTATCATGTGAAGTACATCTACCCGTTTTAGCCAGCGTCCTTCAGAGTGGGCGCTGGCTTTTTTT"
"pasC","ref|NZ_JHRC01000067.1|",100,78,100,1,78,5609,5686,3.84e-34,145,"CTGCCAAGTATAAGTATCATGTGAAGTACATCTACCCGTTTTAGCCAGCGTCCTTCAGAGTGGGCGCTGGCTTTTTTT","CTGCCAAGTATAAGTATCATGTGAAGTACATCTACCCGTTTTAGCCAGCGTCCTTCAGAGTGGGCGCTGGCTTTTTTT"
"pasC","ref|NZ_JHRB01000239.1|",100,78,100,1,78,208,131,3.84e-34,145,"CTGCCAAGTATAAGTATCATGTGAAGTACATCTACCCGTTTTAGCCAGCGTCCTTCAGAGTGGGCGCTGGCTTTTTTT","CTGCCAAGTATAAGTATCATGTGAAGTACATCTACCCGTTTTAGCCAGCGTCCTTCAGAGTGGGCGCTGGCTTTTTTT"
"pasC","ref|NZ_JHQZ01000096.1|",100,78,100,1,78,6160,6237,3.84e-34,145,"CTGCCAAGTATAAGTATCATGTGAAGTACATCTACCCGTTTTAGCCAGCGTCCTTCAGAGTGGGCGCTGGCTTTTTTT","CTGCCAAGTATAAGTATCATGTGAAGTACATCTACCCGTTTTAGCCAGCGTCCTTCAGAGTGGGCGCTGGCTTTTTTT"
"pasC","ref|NZ_JHQV01000078.1|",100,78,100,1,78,13404,13327,3.84e-34,145,"CTGCCAAGTATAAGTATCATGTGAAGTACATCTACCCGTTTTAGCCAGCGTCCTTCAGAGTGGGCGCTGGCTTTTTTT","CTGCCAAGTATAAGTATCATGTGAAGTACATCTACCCGTTTTAGCCAGCGTCCTTCAGAGTGGGCGCTGGCTTTTTTT"
"pasC","ref|NZ_JHSI01000038.1|",98.718,78,100,1,78,484,407,1.79e-32,139,"CTGCCAAGTATAAGTATCATGTGAAGTACATCTACCCGTTTTAGCCAGCGTCCTTCAGAGTGGGCGCTGGCTTTTTTT","CTGCCAAGTATAAGTATCATGTGAAGTACATCTACCCGTTTTAGCCAGCGTCCTTCAGAGAGGGCGCTGGCTTTTTTT"
"pasC","ref|NZ_JHSS01000072.1|",98.718,78,100,1,78,5554,5631,1.79e-32,139,"CTGCCAAGTATAAGTATCATGTGAAGTACATCTACCCGTTTTAGCCAGCGTCCTTCAGAGTGGGCGCTGGCTTTTTTT","CTGCCAAATATAAGTATCATGTGAAGTACATCTACCCGTTTTAGCCAGCGTCCTTCAGAGTGGGCGCTGGCTTTTTTT"
"pasC","ref|NZ_JHSR01000042.1|",98.718,78,100,1,78,19868,19945,1.79e-32,139,"CTGCCAAGTATAAGTATCATGTGAAGTACATCTACCCGTTTTAGCCAGCGTCCTTCAGAGTGGGCGCTGGCTTTTTTT","CTGCCAAATATAAGTATCATGTGAAGTACATCTACCCGTTTTAGCCAGCGTCCTTCAGAGTGGGCGCTGGCTTTTTTT"
"pasC","ref|NZ_JHSQ01000076.1|",98.718,78,100,1,78,3697,3774,1.79e-32,139,"CTGCCAAGTATAAGTATCATGTGAAGTACATCTACCCGTTTTAGCCAGCGTCCTTCAGAGTGGGCGCTGGCTTTTTTT","CTGCCAAATATAAGTATCATGTGAAGTACATCTACCCGTTTTAGCCAGCGTCCTTCAGAGTGGGCGCTGGCTTTTTTT"
"pasC","ref|NZ_JHRX01000117.1|",97.436,78,100,1,78,3740,3817,8.32e-31,134,"CTGCCAAGTATAAGTATCATGTGAAGTACATCTACCCGTTTTAGCCAGCGTCCTTCAGAGTGGGCGCTGGCTTTTTTT","CTGCCAGATATAAGTATCATGTGAAGTACATCTACCCGTTTTAGCCAGCGTCCTTCAGAGTGGGCGCTGGCTTTTTTT"
"pasC","ref|NZ_JHTG01000094.1|",97.403,77,99,1,77,2391,2315,2.99e-30,132,"CTGCCAAGTATAAGTATCATGTGAAGTACATCTACCCGTTTTAGCCAGCGTCCTTCAGAGTGGGCGCTGGCTTTTTT","CTGCCAGATATAAGTATCATGTGAAGTACATCTACCCGTTTTAGCCAGCGTCCTTCAGAGTGGGCGCTGGCTTTTTT"
"pasC","ref|NZ_JHSF01000136.1|",97.403,77,99,1,77,583,507,2.99e-30,132,"CTGCCAAGTATAAGTATCATGTGAAGTACATCTACCCGTTTTAGCCAGCGTCCTTCAGAGTGGGCGCTGGCTTTTTT","CTGCCAGATATAAGTATCATGTGAAGTACATCTACCCGTTTTAGCCAGCGTCCTTCAGAGTGGGCGCTGGCTTTTTT"
"pasD1","ref|NZ_JHSI01000060.1|",100,173,100,1,173,600,772,1.62e-86,320,"GCATGGTGAATCCTCCTTGGAGGGGCTAAATGATCGAGTTTTAAGGGCACGTAGCGAGTTCTGTTTGATCATTGCAGAACTTAGCGGGAGGCGCCATGCGTACATCACTAATGTTATTTCCTTCTATCATTTTCCTTGTGAGTTCTGGCTGCGCATGGCGCGGCCTTTTTTTT","GCATGGTGAATCCTCCTTGGAGGGGCTAAATGATCGAGTTTTAAGGGCACGTAGCGAGTTCTGTTTGATCATTGCAGAACTTAGCGGGAGGCGCCATGCGTACATCACTAATGTTATTTCCTTCTATCATTTTCCTTGTGAGTTCTGGCTGCGCATGGCGCGGCCTTTTTTTT"
"pasD1","ref|NZ_JHTJ01000080.1|",100,173,100,1,173,155,327,1.62e-86,320,"GCATGGTGAATCCTCCTTGGAGGGGCTAAATGATCGAGTTTTAAGGGCACGTAGCGAGTTCTGTTTGATCATTGCAGAACTTAGCGGGAGGCGCCATGCGTACATCACTAATGTTATTTCCTTCTATCATTTTCCTTGTGAGTTCTGGCTGCGCATGGCGCGGCCTTTTTTTT","GCATGGTGAATCCTCCTTGGAGGGGCTAAATGATCGAGTTTTAAGGGCACGTAGCGAGTTCTGTTTGATCATTGCAGAACTTAGCGGGAGGCGCCATGCGTACATCACTAATGTTATTTCCTTCTATCATTTTCCTTGTGAGTTCTGGCTGCGCATGGCGCGGCCTTTTTTTT"
"pasD1","ref|NZ_JHTL01000043.1|",100,173,100,1,173,16949,17121,1.62e-86,320,"GCATGGTGAATCCTCCTTGGAGGGGCTAAATGATCGAGTTTTAAGGGCACGTAGCGAGTTCTGTTTGATCATTGCAGAACTTAGCGGGAGGCGCCATGCGTACATCACTAATGTTATTTCCTTCTATCATTTTCCTTGTGAGTTCTGGCTGCGCATGGCGCGGCCTTTTTTTT","GCATGGTGAATCCTCCTTGGAGGGGCTAAATGATCGAGTTTTAAGGGCACGTAGCGAGTTCTGTTTGATCATTGCAGAACTTAGCGGGAGGCGCCATGCGTACATCACTAATGTTATTTCCTTCTATCATTTTCCTTGTGAGTTCTGGCTGCGCATGGCGCGGCCTTTTTTTT"
"pasD1","ref|NZ_JHTK01000076.1|",100,173,100,1,173,344,516,1.62e-86,320,"GCATGGTGAATCCTCCTTGGAGGGGCTAAATGATCGAGTTTTAAGGGCACGTAGCGAGTTCTGTTTGATCATTGCAGAACTTAGCGGGAGGCGCCATGCGTACATCACTAATGTTATTTCCTTCTATCATTTTCCTTGTGAGTTCTGGCTGCGCATGGCGCGGCCTTTTTTTT","GCATGGTGAATCCTCCTTGGAGGGGCTAAATGATCGAGTTTTAAGGGCACGTAGCGAGTTCTGTTTGATCATTGCAGAACTTAGCGGGAGGCGCCATGCGTACATCACTAATGTTATTTCCTTCTATCATTTTCCTTGTGAGTTCTGGCTGCGCATGGCGCGGCCTTTTTTTT"
"pasD1","ref|NZ_JHTH01000238.1|",100,173,100,1,173,416,588,1.62e-86,320,"GCATGGTGAATCCTCCTTGGAGGGGCTAAATGATCGAGTTTTAAGGGCACGTAGCGAGTTCTGTTTGATCATTGCAGAACTTAGCGGGAGGCGCCATGCGTACATCACTAATGTTATTTCCTTCTATCATTTTCCTTGTGAGTTCTGGCTGCGCATGGCGCGGCCTTTTTTTT","GCATGGTGAATCCTCCTTGGAGGGGCTAAATGATCGAGTTTTAAGGGCACGTAGCGAGTTCTGTTTGATCATTGCAGAACTTAGCGGGAGGCGCCATGCGTACATCACTAATGTTATTTCCTTCTATCATTTTCCTTGTGAGTTCTGGCTGCGCATGGCGCGGCCTTTTTTTT"
"pasD1","ref|NZ_JHTG01000092.1|",100,173,100,1,173,5265,5093,1.62e-86,320,"GCATGGTGAATCCTCCTTGGAGGGGCTAAATGATCGAGTTTTAAGGGCACGTAGCGAGTTCTGTTTGATCATTGCAGAACTTAGCGGGAGGCGCCATGCGTACATCACTAATGTTATTTCCTTCTATCATTTTCCTTGTGAGTTCTGGCTGCGCATGGCGCGGCCTTTTTTTT","GCATGGTGAATCCTCCTTGGAGGGGCTAAATGATCGAGTTTTAAGGGCACGTAGCGAGTTCTGTTTGATCATTGCAGAACTTAGCGGGAGGCGCCATGCGTACATCACTAATGTTATTTCCTTCTATCATTTTCCTTGTGAGTTCTGGCTGCGCATGGCGCGGCCTTTTTTTT"
"pasD1","ref|NZ_JHTF01000131.1|",100,173,100,1,173,670,498,1.62e-86,320,"GCATGGTGAATCCTCCTTGGAGGGGCTAAATGATCGAGTTTTAAGGGCACGTAGCGAGTTCTGTTTGATCATTGCAGAACTTAGCGGGAGGCGCCATGCGTACATCACTAATGTTATTTCCTTCTATCATTTTCCTTGTGAGTTCTGGCTGCGCATGGCGCGGCCTTTTTTTT","GCATGGTGAATCCTCCTTGGAGGGGCTAAATGATCGAGTTTTAAGGGCACGTAGCGAGTTCTGTTTGATCATTGCAGAACTTAGCGGGAGGCGCCATGCGTACATCACTAATGTTATTTCCTTCTATCATTTTCCTTGTGAGTTCTGGCTGCGCATGGCGCGGCCTTTTTTTT"
"pasD1","ref|NZ_JHTC01000095.1|",100,173,100,1,173,1055,883,1.62e-86,320,"GCATGGTGAATCCTCCTTGGAGGGGCTAAATGATCGAGTTTTAAGGGCACGTAGCGAGTTCTGTTTGATCATTGCAGAACTTAGCGGGAGGCGCCATGCGTACATCACTAATGTTATTTCCTTCTATCATTTTCCTTGTGAGTTCTGGCTGCGCATGGCGCGGCCTTTTTTTT","GCATGGTGAATCCTCCTTGGAGGGGCTAAATGATCGAGTTTTAAGGGCACGTAGCGAGTTCTGTTTGATCATTGCAGAACTTAGCGGGAGGCGCCATGCGTACATCACTAATGTTATTTCCTTCTATCATTTTCCTTGTGAGTTCTGGCTGCGCATGGCGCGGCCTTTTTTTT"
"pasD1","ref|NZ_JHTD01000063.1|",100,173,100,1,173,2755,2583,1.62e-86,320,"GCATGGTGAATCCTCCTTGGAGGGGCTAAATGATCGAGTTTTAAGGGCACGTAGCGAGTTCTGTTTGATCATTGCAGAACTTAGCGGGAGGCGCCATGCGTACATCACTAATGTTATTTCCTTCTATCATTTTCCTTGTGAGTTCTGGCTGCGCATGGCGCGGCCTTTTTTTT","GCATGGTGAATCCTCCTTGGAGGGGCTAAATGATCGAGTTTTAAGGGCACGTAGCGAGTTCTGTTTGATCATTGCAGAACTTAGCGGGAGGCGCCATGCGTACATCACTAATGTTATTTCCTTCTATCATTTTCCTTGTGAGTTCTGGCTGCGCATGGCGCGGCCTTTTTTTT"
"pasD1","ref|NZ_JHTB01000104.1|",100,173,100,1,173,3561,3733,1.62e-86,320,"GCATGGTGAATCCTCCTTGGAGGGGCTAAATGATCGAGTTTTAAGGGCACGTAGCGAGTTCTGTTTGATCATTGCAGAACTTAGCGGGAGGCGCCATGCGTACATCACTAATGTTATTTCCTTCTATCATTTTCCTTGTGAGTTCTGGCTGCGCATGGCGCGGCCTTTTTTTT","GCATGGTGAATCCTCCTTGGAGGGGCTAAATGATCGAGTTTTAAGGGCACGTAGCGAGTTCTGTTTGATCATTGCAGAACTTAGCGGGAGGCGCCATGCGTACATCACTAATGTTATTTCCTTCTATCATTTTCCTTGTGAGTTCTGGCTGCGCATGGCGCGGCCTTTTTTTT"
"pasD1","ref|NZ_JHTA01000096.1|",100,173,100,1,173,1049,877,1.62e-86,320,"GCATGGTGAATCCTCCTTGGAGGGGCTAAATGATCGAGTTTTAAGGGCACGTAGCGAGTTCTGTTTGATCATTGCAGAACTTAGCGGGAGGCGCCATGCGTACATCACTAATGTTATTTCCTTCTATCATTTTCCTTGTGAGTTCTGGCTGCGCATGGCGCGGCCTTTTTTTT","GCATGGTGAATCCTCCTTGGAGGGGCTAAATGATCGAGTTTTAAGGGCACGTAGCGAGTTCTGTTTGATCATTGCAGAACTTAGCGGGAGGCGCCATGCGTACATCACTAATGTTATTTCCTTCTATCATTTTCCTTGTGAGTTCTGGCTGCGCATGGCGCGGCCTTTTTTTT"
"pasD1","ref|NZ_JHSZ01000020.1|",100,173,100,1,173,43416,43588,1.62e-86,320,"GCATGGTGAATCCTCCTTGGAGGGGCTAAATGATCGAGTTTTAAGGGCACGTAGCGAGTTCTGTTTGATCATTGCAGAACTTAGCGGGAGGCGCCATGCGTACATCACTAATGTTATTTCCTTCTATCATTTTCCTTGTGAGTTCTGGCTGCGCATGGCGCGGCCTTTTTTTT","GCATGGTGAATCCTCCTTGGAGGGGCTAAATGATCGAGTTTTAAGGGCACGTAGCGAGTTCTGTTTGATCATTGCAGAACTTAGCGGGAGGCGCCATGCGTACATCACTAATGTTATTTCCTTCTATCATTTTCCTTGTGAGTTCTGGCTGCGCATGGCGCGGCCTTTTTTTT"
"pasD1","ref|NZ_JHSY01000284.1|",100,173,100,1,173,1478,1306,1.62e-86,320,"GCATGGTGAATCCTCCTTGGAGGGGCTAAATGATCGAGTTTTAAGGGCACGTAGCGAGTTCTGTTTGATCATTGCAGAACTTAGCGGGAGGCGCCATGCGTACATCACTAATGTTATTTCCTTCTATCATTTTCCTTGTGAGTTCTGGCTGCGCATGGCGCGGCCTTTTTTTT","GCATGGTGAATCCTCCTTGGAGGGGCTAAATGATCGAGTTTTAAGGGCACGTAGCGAGTTCTGTTTGATCATTGCAGAACTTAGCGGGAGGCGCCATGCGTACATCACTAATGTTATTTCCTTCTATCATTTTCCTTGTGAGTTCTGGCTGCGCATGGCGCGGCCTTTTTTTT"
"pasD1","ref|NZ_JHSY01000163.1|",100,173,100,1,173,2697,2525,1.62e-86,320,"GCATGGTGAATCCTCCTTGGAGGGGCTAAATGATCGAGTTTTAAGGGCACGTAGCGAGTTCTGTTTGATCATTGCAGAACTTAGCGGGAGGCGCCATGCGTACATCACTAATGTTATTTCCTTCTATCATTTTCCTTGTGAGTTCTGGCTGCGCATGGCGCGGCCTTTTTTTT","GCATGGTGAATCCTCCTTGGAGGGGCTAAATGATCGAGTTTTAAGGGCACGTAGCGAGTTCTGTTTGATCATTGCAGAACTTAGCGGGAGGCGCCATGCGTACATCACTAATGTTATTTCCTTCTATCATTTTCCTTGTGAGTTCTGGCTGCGCATGGCGCGGCCTTTTTTTT"
"pasD1","ref|NZ_JHSX01000015.1|",100,173,100,1,173,1937,2109,1.62e-86,320,"GCATGGTGAATCCTCCTTGGAGGGGCTAAATGATCGAGTTTTAAGGGCACGTAGCGAGTTCTGTTTGATCATTGCAGAACTTAGCGGGAGGCGCCATGCGTACATCACTAATGTTATTTCCTTCTATCATTTTCCTTGTGAGTTCTGGCTGCGCATGGCGCGGCCTTTTTTTT","GCATGGTGAATCCTCCTTGGAGGGGCTAAATGATCGAGTTTTAAGGGCACGTAGCGAGTTCTGTTTGATCATTGCAGAACTTAGCGGGAGGCGCCATGCGTACATCACTAATGTTATTTCCTTCTATCATTTTCCTTGTGAGTTCTGGCTGCGCATGGCGCGGCCTTTTTTTT"
"pasD1","ref|NZ_JHSW01000066.1|",100,173,100,1,173,9330,9502,1.62e-86,320,"GCATGGTGAATCCTCCTTGGAGGGGCTAAATGATCGAGTTTTAAGGGCACGTAGCGAGTTCTGTTTGATCATTGCAGAACTTAGCGGGAGGCGCCATGCGTACATCACTAATGTTATTTCCTTCTATCATTTTCCTTGTGAGTTCTGGCTGCGCATGGCGCGGCCTTTTTTTT","GCATGGTGAATCCTCCTTGGAGGGGCTAAATGATCGAGTTTTAAGGGCACGTAGCGAGTTCTGTTTGATCATTGCAGAACTTAGCGGGAGGCGCCATGCGTACATCACTAATGTTATTTCCTTCTATCATTTTCCTTGTGAGTTCTGGCTGCGCATGGCGCGGCCTTTTTTTT"
"pasD1","ref|NZ_JHSV01000166.1|",100,173,100,1,173,100,272,1.62e-86,320,"GCATGGTGAATCCTCCTTGGAGGGGCTAAATGATCGAGTTTTAAGGGCACGTAGCGAGTTCTGTTTGATCATTGCAGAACTTAGCGGGAGGCGCCATGCGTACATCACTAATGTTATTTCCTTCTATCATTTTCCTTGTGAGTTCTGGCTGCGCATGGCGCGGCCTTTTTTTT","GCATGGTGAATCCTCCTTGGAGGGGCTAAATGATCGAGTTTTAAGGGCACGTAGCGAGTTCTGTTTGATCATTGCAGAACTTAGCGGGAGGCGCCATGCGTACATCACTAATGTTATTTCCTTCTATCATTTTCCTTGTGAGTTCTGGCTGCGCATGGCGCGGCCTTTTTTTT"
"pasD1","ref|NZ_JHST01000003.1|",100,173,100,1,173,24060,23888,1.62e-86,320,"GCATGGTGAATCCTCCTTGGAGGGGCTAAATGATCGAGTTTTAAGGGCACGTAGCGAGTTCTGTTTGATCATTGCAGAACTTAGCGGGAGGCGCCATGCGTACATCACTAATGTTATTTCCTTCTATCATTTTCCTTGTGAGTTCTGGCTGCGCATGGCGCGGCCTTTTTTTT","GCATGGTGAATCCTCCTTGGAGGGGCTAAATGATCGAGTTTTAAGGGCACGTAGCGAGTTCTGTTTGATCATTGCAGAACTTAGCGGGAGGCGCCATGCGTACATCACTAATGTTATTTCCTTCTATCATTTTCCTTGTGAGTTCTGGCTGCGCATGGCGCGGCCTTTTTTTT"
"pasD1","ref|NZ_JHSR01000021.1|",100,173,100,1,173,44434,44606,1.62e-86,320,"GCATGGTGAATCCTCCTTGGAGGGGCTAAATGATCGAGTTTTAAGGGCACGTAGCGAGTTCTGTTTGATCATTGCAGAACTTAGCGGGAGGCGCCATGCGTACATCACTAATGTTATTTCCTTCTATCATTTTCCTTGTGAGTTCTGGCTGCGCATGGCGCGGCCTTTTTTTT","GCATGGTGAATCCTCCTTGGAGGGGCTAAATGATCGAGTTTTAAGGGCACGTAGCGAGTTCTGTTTGATCATTGCAGAACTTAGCGGGAGGCGCCATGCGTACATCACTAATGTTATTTCCTTCTATCATTTTCCTTGTGAGTTCTGGCTGCGCATGGCGCGGCCTTTTTTTT"
"pasD1","ref|NZ_JHSM01000047.1|",100,173,100,1,173,12104,11932,1.62e-86,320,"GCATGGTGAATCCTCCTTGGAGGGGCTAAATGATCGAGTTTTAAGGGCACGTAGCGAGTTCTGTTTGATCATTGCAGAACTTAGCGGGAGGCGCCATGCGTACATCACTAATGTTATTTCCTTCTATCATTTTCCTTGTGAGTTCTGGCTGCGCATGGCGCGGCCTTTTTTTT","GCATGGTGAATCCTCCTTGGAGGGGCTAAATGATCGAGTTTTAAGGGCACGTAGCGAGTTCTGTTTGATCATTGCAGAACTTAGCGGGAGGCGCCATGCGTACATCACTAATGTTATTTCCTTCTATCATTTTCCTTGTGAGTTCTGGCTGCGCATGGCGCGGCCTTTTTTTT"
"pasD1","ref|NZ_JHSL01000048.1|",100,173,100,1,173,5763,5935,1.62e-86,320,"GCATGGTGAATCCTCCTTGGAGGGGCTAAATGATCGAGTTTTAAGGGCACGTAGCGAGTTCTGTTTGATCATTGCAGAACTTAGCGGGAGGCGCCATGCGTACATCACTAATGTTATTTCCTTCTATCATTTTCCTTGTGAGTTCTGGCTGCGCATGGCGCGGCCTTTTTTTT","GCATGGTGAATCCTCCTTGGAGGGGCTAAATGATCGAGTTTTAAGGGCACGTAGCGAGTTCTGTTTGATCATTGCAGAACTTAGCGGGAGGCGCCATGCGTACATCACTAATGTTATTTCCTTCTATCATTTTCCTTGTGAGTTCTGGCTGCGCATGGCGCGGCCTTTTTTTT"
"pasD1","ref|NZ_JHSK01000049.1|",100,173,100,1,173,5764,5936,1.62e-86,320,"GCATGGTGAATCCTCCTTGGAGGGGCTAAATGATCGAGTTTTAAGGGCACGTAGCGAGTTCTGTTTGATCATTGCAGAACTTAGCGGGAGGCGCCATGCGTACATCACTAATGTTATTTCCTTCTATCATTTTCCTTGTGAGTTCTGGCTGCGCATGGCGCGGCCTTTTTTTT","GCATGGTGAATCCTCCTTGGAGGGGCTAAATGATCGAGTTTTAAGGGCACGTAGCGAGTTCTGTTTGATCATTGCAGAACTTAGCGGGAGGCGCCATGCGTACATCACTAATGTTATTTCCTTCTATCATTTTCCTTGTGAGTTCTGGCTGCGCATGGCGCGGCCTTTTTTTT"
"pasD1","ref|NZ_JHSG01000012.1|",100,173,100,1,173,5,177,1.62e-86,320,"GCATGGTGAATCCTCCTTGGAGGGGCTAAATGATCGAGTTTTAAGGGCACGTAGCGAGTTCTGTTTGATCATTGCAGAACTTAGCGGGAGGCGCCATGCGTACATCACTAATGTTATTTCCTTCTATCATTTTCCTTGTGAGTTCTGGCTGCGCATGGCGCGGCCTTTTTTTT","GCATGGTGAATCCTCCTTGGAGGGGCTAAATGATCGAGTTTTAAGGGCACGTAGCGAGTTCTGTTTGATCATTGCAGAACTTAGCGGGAGGCGCCATGCGTACATCACTAATGTTATTTCCTTCTATCATTTTCCTTGTGAGTTCTGGCTGCGCATGGCGCGGCCTTTTTTTT"
"pasD1","ref|NZ_JHSG01000102.1|",100,173,100,1,173,713,541,1.62e-86,320,"GCATGGTGAATCCTCCTTGGAGGGGCTAAATGATCGAGTTTTAAGGGCACGTAGCGAGTTCTGTTTGATCATTGCAGAACTTAGCGGGAGGCGCCATGCGTACATCACTAATGTTATTTCCTTCTATCATTTTCCTTGTGAGTTCTGGCTGCGCATGGCGCGGCCTTTTTTTT","GCATGGTGAATCCTCCTTGGAGGGGCTAAATGATCGAGTTTTAAGGGCACGTAGCGAGTTCTGTTTGATCATTGCAGAACTTAGCGGGAGGCGCCATGCGTACATCACTAATGTTATTTCCTTCTATCATTTTCCTTGTGAGTTCTGGCTGCGCATGGCGCGGCCTTTTTTTT"
"pasD1","ref|NZ_JHSF01000111.1|",100,173,100,1,173,6410,6582,1.62e-86,320,"GCATGGTGAATCCTCCTTGGAGGGGCTAAATGATCGAGTTTTAAGGGCACGTAGCGAGTTCTGTTTGATCATTGCAGAACTTAGCGGGAGGCGCCATGCGTACATCACTAATGTTATTTCCTTCTATCATTTTCCTTGTGAGTTCTGGCTGCGCATGGCGCGGCCTTTTTTTT","GCATGGTGAATCCTCCTTGGAGGGGCTAAATGATCGAGTTTTAAGGGCACGTAGCGAGTTCTGTTTGATCATTGCAGAACTTAGCGGGAGGCGCCATGCGTACATCACTAATGTTATTTCCTTCTATCATTTTCCTTGTGAGTTCTGGCTGCGCATGGCGCGGCCTTTTTTTT"
"pasD1","ref|NZ_JHSE01000211.1|",100,173,100,1,173,181,353,1.62e-86,320,"GCATGGTGAATCCTCCTTGGAGGGGCTAAATGATCGAGTTTTAAGGGCACGTAGCGAGTTCTGTTTGATCATTGCAGAACTTAGCGGGAGGCGCCATGCGTACATCACTAATGTTATTTCCTTCTATCATTTTCCTTGTGAGTTCTGGCTGCGCATGGCGCGGCCTTTTTTTT","GCATGGTGAATCCTCCTTGGAGGGGCTAAATGATCGAGTTTTAAGGGCACGTAGCGAGTTCTGTTTGATCATTGCAGAACTTAGCGGGAGGCGCCATGCGTACATCACTAATGTTATTTCCTTCTATCATTTTCCTTGTGAGTTCTGGCTGCGCATGGCGCGGCCTTTTTTTT"
"pasD1","ref|NZ_JHSB01000051.1|",100,173,100,1,173,12100,11928,1.62e-86,320,"GCATGGTGAATCCTCCTTGGAGGGGCTAAATGATCGAGTTTTAAGGGCACGTAGCGAGTTCTGTTTGATCATTGCAGAACTTAGCGGGAGGCGCCATGCGTACATCACTAATGTTATTTCCTTCTATCATTTTCCTTGTGAGTTCTGGCTGCGCATGGCGCGGCCTTTTTTTT","GCATGGTGAATCCTCCTTGGAGGGGCTAAATGATCGAGTTTTAAGGGCACGTAGCGAGTTCTGTTTGATCATTGCAGAACTTAGCGGGAGGCGCCATGCGTACATCACTAATGTTATTTCCTTCTATCATTTTCCTTGTGAGTTCTGGCTGCGCATGGCGCGGCCTTTTTTTT"
"pasD1","ref|NZ_JHSA01000007.1|",100,173,100,1,173,120812,120640,1.62e-86,320,"GCATGGTGAATCCTCCTTGGAGGGGCTAAATGATCGAGTTTTAAGGGCACGTAGCGAGTTCTGTTTGATCATTGCAGAACTTAGCGGGAGGCGCCATGCGTACATCACTAATGTTATTTCCTTCTATCATTTTCCTTGTGAGTTCTGGCTGCGCATGGCGCGGCCTTTTTTTT","GCATGGTGAATCCTCCTTGGAGGGGCTAAATGATCGAGTTTTAAGGGCACGTAGCGAGTTCTGTTTGATCATTGCAGAACTTAGCGGGAGGCGCCATGCGTACATCACTAATGTTATTTCCTTCTATCATTTTCCTTGTGAGTTCTGGCTGCGCATGGCGCGGCCTTTTTTTT"
"pasD1","ref|NZ_JHSA01000103.1|",100,173,100,1,173,549,721,1.62e-86,320,"GCATGGTGAATCCTCCTTGGAGGGGCTAAATGATCGAGTTTTAAGGGCACGTAGCGAGTTCTGTTTGATCATTGCAGAACTTAGCGGGAGGCGCCATGCGTACATCACTAATGTTATTTCCTTCTATCATTTTCCTTGTGAGTTCTGGCTGCGCATGGCGCGGCCTTTTTTTT","GCATGGTGAATCCTCCTTGGAGGGGCTAAATGATCGAGTTTTAAGGGCACGTAGCGAGTTCTGTTTGATCATTGCAGAACTTAGCGGGAGGCGCCATGCGTACATCACTAATGTTATTTCCTTCTATCATTTTCCTTGTGAGTTCTGGCTGCGCATGGCGCGGCCTTTTTTTT"
"pasD1","ref|NZ_JHRZ01000114.1|",100,173,100,1,173,1100,1272,1.62e-86,320,"GCATGGTGAATCCTCCTTGGAGGGGCTAAATGATCGAGTTTTAAGGGCACGTAGCGAGTTCTGTTTGATCATTGCAGAACTTAGCGGGAGGCGCCATGCGTACATCACTAATGTTATTTCCTTCTATCATTTTCCTTGTGAGTTCTGGCTGCGCATGGCGCGGCCTTTTTTTT","GCATGGTGAATCCTCCTTGGAGGGGCTAAATGATCGAGTTTTAAGGGCACGTAGCGAGTTCTGTTTGATCATTGCAGAACTTAGCGGGAGGCGCCATGCGTACATCACTAATGTTATTTCCTTCTATCATTTTCCTTGTGAGTTCTGGCTGCGCATGGCGCGGCCTTTTTTTT"
"pasD1","ref|NZ_JHRR01000021.1|",100,173,100,1,173,50385,50213,1.62e-86,320,"GCATGGTGAATCCTCCTTGGAGGGGCTAAATGATCGAGTTTTAAGGGCACGTAGCGAGTTCTGTTTGATCATTGCAGAACTTAGCGGGAGGCGCCATGCGTACATCACTAATGTTATTTCCTTCTATCATTTTCCTTGTGAGTTCTGGCTGCGCATGGCGCGGCCTTTTTTTT","GCATGGTGAATCCTCCTTGGAGGGGCTAAATGATCGAGTTTTAAGGGCACGTAGCGAGTTCTGTTTGATCATTGCAGAACTTAGCGGGAGGCGCCATGCGTACATCACTAATGTTATTTCCTTCTATCATTTTCCTTGTGAGTTCTGGCTGCGCATGGCGCGGCCTTTTTTTT"
"pasD1","ref|NZ_JHRQ01000074.1|",100,173,100,1,173,3054,2882,1.62e-86,320,"GCATGGTGAATCCTCCTTGGAGGGGCTAAATGATCGAGTTTTAAGGGCACGTAGCGAGTTCTGTTTGATCATTGCAGAACTTAGCGGGAGGCGCCATGCGTACATCACTAATGTTATTTCCTTCTATCATTTTCCTTGTGAGTTCTGGCTGCGCATGGCGCGGCCTTTTTTTT","GCATGGTGAATCCTCCTTGGAGGGGCTAAATGATCGAGTTTTAAGGGCACGTAGCGAGTTCTGTTTGATCATTGCAGAACTTAGCGGGAGGCGCCATGCGTACATCACTAATGTTATTTCCTTCTATCATTTTCCTTGTGAGTTCTGGCTGCGCATGGCGCGGCCTTTTTTTT"
"pasD1","ref|NZ_JHRO01000076.1|",100,173,100,1,173,5767,5939,1.62e-86,320,"GCATGGTGAATCCTCCTTGGAGGGGCTAAATGATCGAGTTTTAAGGGCACGTAGCGAGTTCTGTTTGATCATTGCAGAACTTAGCGGGAGGCGCCATGCGTACATCACTAATGTTATTTCCTTCTATCATTTTCCTTGTGAGTTCTGGCTGCGCATGGCGCGGCCTTTTTTTT","GCATGGTGAATCCTCCTTGGAGGGGCTAAATGATCGAGTTTTAAGGGCACGTAGCGAGTTCTGTTTGATCATTGCAGAACTTAGCGGGAGGCGCCATGCGTACATCACTAATGTTATTTCCTTCTATCATTTTCCTTGTGAGTTCTGGCTGCGCATGGCGCGGCCTTTTTTTT"
"pasD1","ref|NZ_JHRN01000086.1|",100,173,100,1,173,3053,2881,1.62e-86,320,"GCATGGTGAATCCTCCTTGGAGGGGCTAAATGATCGAGTTTTAAGGGCACGTAGCGAGTTCTGTTTGATCATTGCAGAACTTAGCGGGAGGCGCCATGCGTACATCACTAATGTTATTTCCTTCTATCATTTTCCTTGTGAGTTCTGGCTGCGCATGGCGCGGCCTTTTTTTT","GCATGGTGAATCCTCCTTGGAGGGGCTAAATGATCGAGTTTTAAGGGCACGTAGCGAGTTCTGTTTGATCATTGCAGAACTTAGCGGGAGGCGCCATGCGTACATCACTAATGTTATTTCCTTCTATCATTTTCCTTGTGAGTTCTGGCTGCGCATGGCGCGGCCTTTTTTTT"
"pasD1","ref|NZ_JHRM01000105.1|",100,173,100,1,173,5150,5322,1.62e-86,320,"GCATGGTGAATCCTCCTTGGAGGGGCTAAATGATCGAGTTTTAAGGGCACGTAGCGAGTTCTGTTTGATCATTGCAGAACTTAGCGGGAGGCGCCATGCGTACATCACTAATGTTATTTCCTTCTATCATTTTCCTTGTGAGTTCTGGCTGCGCATGGCGCGGCCTTTTTTTT","GCATGGTGAATCCTCCTTGGAGGGGCTAAATGATCGAGTTTTAAGGGCACGTAGCGAGTTCTGTTTGATCATTGCAGAACTTAGCGGGAGGCGCCATGCGTACATCACTAATGTTATTTCCTTCTATCATTTTCCTTGTGAGTTCTGGCTGCGCATGGCGCGGCCTTTTTTTT"
"pasD1","ref|NZ_JHRI01000274.1|",100,173,100,1,173,597,769,1.62e-86,320,"GCATGGTGAATCCTCCTTGGAGGGGCTAAATGATCGAGTTTTAAGGGCACGTAGCGAGTTCTGTTTGATCATTGCAGAACTTAGCGGGAGGCGCCATGCGTACATCACTAATGTTATTTCCTTCTATCATTTTCCTTGTGAGTTCTGGCTGCGCATGGCGCGGCCTTTTTTTT","GCATGGTGAATCCTCCTTGGAGGGGCTAAATGATCGAGTTTTAAGGGCACGTAGCGAGTTCTGTTTGATCATTGCAGAACTTAGCGGGAGGCGCCATGCGTACATCACTAATGTTATTTCCTTCTATCATTTTCCTTGTGAGTTCTGGCTGCGCATGGCGCGGCCTTTTTTTT"
"pasD1","ref|NZ_JHRK01000103.1|",100,173,100,1,173,332,504,1.62e-86,320,"GCATGGTGAATCCTCCTTGGAGGGGCTAAATGATCGAGTTTTAAGGGCACGTAGCGAGTTCTGTTTGATCATTGCAGAACTTAGCGGGAGGCGCCATGCGTACATCACTAATGTTATTTCCTTCTATCATTTTCCTTGTGAGTTCTGGCTGCGCATGGCGCGGCCTTTTTTTT","GCATGGTGAATCCTCCTTGGAGGGGCTAAATGATCGAGTTTTAAGGGCACGTAGCGAGTTCTGTTTGATCATTGCAGAACTTAGCGGGAGGCGCCATGCGTACATCACTAATGTTATTTCCTTCTATCATTTTCCTTGTGAGTTCTGGCTGCGCATGGCGCGGCCTTTTTTTT"
"pasD1","ref|NZ_JHRL01000056.1|",100,173,100,1,173,1089,1261,1.62e-86,320,"GCATGGTGAATCCTCCTTGGAGGGGCTAAATGATCGAGTTTTAAGGGCACGTAGCGAGTTCTGTTTGATCATTGCAGAACTTAGCGGGAGGCGCCATGCGTACATCACTAATGTTATTTCCTTCTATCATTTTCCTTGTGAGTTCTGGCTGCGCATGGCGCGGCCTTTTTTTT","GCATGGTGAATCCTCCTTGGAGGGGCTAAATGATCGAGTTTTAAGGGCACGTAGCGAGTTCTGTTTGATCATTGCAGAACTTAGCGGGAGGCGCCATGCGTACATCACTAATGTTATTTCCTTCTATCATTTTCCTTGTGAGTTCTGGCTGCGCATGGCGCGGCCTTTTTTTT"
"pasD1","ref|NZ_JHRH01000111.1|",100,173,100,1,173,12418,12246,1.62e-86,320,"GCATGGTGAATCCTCCTTGGAGGGGCTAAATGATCGAGTTTTAAGGGCACGTAGCGAGTTCTGTTTGATCATTGCAGAACTTAGCGGGAGGCGCCATGCGTACATCACTAATGTTATTTCCTTCTATCATTTTCCTTGTGAGTTCTGGCTGCGCATGGCGCGGCCTTTTTTTT","GCATGGTGAATCCTCCTTGGAGGGGCTAAATGATCGAGTTTTAAGGGCACGTAGCGAGTTCTGTTTGATCATTGCAGAACTTAGCGGGAGGCGCCATGCGTACATCACTAATGTTATTTCCTTCTATCATTTTCCTTGTGAGTTCTGGCTGCGCATGGCGCGGCCTTTTTTTT"
"pasD1","ref|NZ_JHRG01000307.1|",100,173,100,1,173,258,86,1.62e-86,320,"GCATGGTGAATCCTCCTTGGAGGGGCTAAATGATCGAGTTTTAAGGGCACGTAGCGAGTTCTGTTTGATCATTGCAGAACTTAGCGGGAGGCGCCATGCGTACATCACTAATGTTATTTCCTTCTATCATTTTCCTTGTGAGTTCTGGCTGCGCATGGCGCGGCCTTTTTTTT","GCATGGTGAATCCTCCTTGGAGGGGCTAAATGATCGAGTTTTAAGGGCACGTAGCGAGTTCTGTTTGATCATTGCAGAACTTAGCGGGAGGCGCCATGCGTACATCACTAATGTTATTTCCTTCTATCATTTTCCTTGTGAGTTCTGGCTGCGCATGGCGCGGCCTTTTTTTT"
"pasD1","ref|NZ_JHRG01000137.1|",100,173,100,1,173,7882,7710,1.62e-86,320,"GCATGGTGAATCCTCCTTGGAGGGGCTAAATGATCGAGTTTTAAGGGCACGTAGCGAGTTCTGTTTGATCATTGCAGAACTTAGCGGGAGGCGCCATGCGTACATCACTAATGTTATTTCCTTCTATCATTTTCCTTGTGAGTTCTGGCTGCGCATGGCGCGGCCTTTTTTTT","GCATGGTGAATCCTCCTTGGAGGGGCTAAATGATCGAGTTTTAAGGGCACGTAGCGAGTTCTGTTTGATCATTGCAGAACTTAGCGGGAGGCGCCATGCGTACATCACTAATGTTATTTCCTTCTATCATTTTCCTTGTGAGTTCTGGCTGCGCATGGCGCGGCCTTTTTTTT"
"pasD1","ref|NZ_JHRD01000056.1|",100,173,100,1,173,5761,5933,1.62e-86,320,"GCATGGTGAATCCTCCTTGGAGGGGCTAAATGATCGAGTTTTAAGGGCACGTAGCGAGTTCTGTTTGATCATTGCAGAACTTAGCGGGAGGCGCCATGCGTACATCACTAATGTTATTTCCTTCTATCATTTTCCTTGTGAGTTCTGGCTGCGCATGGCGCGGCCTTTTTTTT","GCATGGTGAATCCTCCTTGGAGGGGCTAAATGATCGAGTTTTAAGGGCACGTAGCGAGTTCTGTTTGATCATTGCAGAACTTAGCGGGAGGCGCCATGCGTACATCACTAATGTTATTTCCTTCTATCATTTTCCTTGTGAGTTCTGGCTGCGCATGGCGCGGCCTTTTTTTT"
"pasD1","ref|NZ_JHRC01000051.1|",100,173,100,1,173,5761,5933,1.62e-86,320,"GCATGGTGAATCCTCCTTGGAGGGGCTAAATGATCGAGTTTTAAGGGCACGTAGCGAGTTCTGTTTGATCATTGCAGAACTTAGCGGGAGGCGCCATGCGTACATCACTAATGTTATTTCCTTCTATCATTTTCCTTGTGAGTTCTGGCTGCGCATGGCGCGGCCTTTTTTTT","GCATGGTGAATCCTCCTTGGAGGGGCTAAATGATCGAGTTTTAAGGGCACGTAGCGAGTTCTGTTTGATCATTGCAGAACTTAGCGGGAGGCGCCATGCGTACATCACTAATGTTATTTCCTTCTATCATTTTCCTTGTGAGTTCTGGCTGCGCATGGCGCGGCCTTTTTTTT"
"pasD1","ref|NZ_JHRA01000075.1|",100,173,100,1,173,2964,2792,1.62e-86,320,"GCATGGTGAATCCTCCTTGGAGGGGCTAAATGATCGAGTTTTAAGGGCACGTAGCGAGTTCTGTTTGATCATTGCAGAACTTAGCGGGAGGCGCCATGCGTACATCACTAATGTTATTTCCTTCTATCATTTTCCTTGTGAGTTCTGGCTGCGCATGGCGCGGCCTTTTTTTT","GCATGGTGAATCCTCCTTGGAGGGGCTAAATGATCGAGTTTTAAGGGCACGTAGCGAGTTCTGTTTGATCATTGCAGAACTTAGCGGGAGGCGCCATGCGTACATCACTAATGTTATTTCCTTCTATCATTTTCCTTGTGAGTTCTGGCTGCGCATGGCGCGGCCTTTTTTTT"
"pasD1","ref|NZ_JHQZ01000066.1|",100,173,100,1,173,12416,12244,1.62e-86,320,"GCATGGTGAATCCTCCTTGGAGGGGCTAAATGATCGAGTTTTAAGGGCACGTAGCGAGTTCTGTTTGATCATTGCAGAACTTAGCGGGAGGCGCCATGCGTACATCACTAATGTTATTTCCTTCTATCATTTTCCTTGTGAGTTCTGGCTGCGCATGGCGCGGCCTTTTTTTT","GCATGGTGAATCCTCCTTGGAGGGGCTAAATGATCGAGTTTTAAGGGCACGTAGCGAGTTCTGTTTGATCATTGCAGAACTTAGCGGGAGGCGCCATGCGTACATCACTAATGTTATTTCCTTCTATCATTTTCCTTGTGAGTTCTGGCTGCGCATGGCGCGGCCTTTTTTTT"
"pasD1","ref|NZ_JHQY01000175.1|",100,173,100,1,173,106,278,1.62e-86,320,"GCATGGTGAATCCTCCTTGGAGGGGCTAAATGATCGAGTTTTAAGGGCACGTAGCGAGTTCTGTTTGATCATTGCAGAACTTAGCGGGAGGCGCCATGCGTACATCACTAATGTTATTTCCTTCTATCATTTTCCTTGTGAGTTCTGGCTGCGCATGGCGCGGCCTTTTTTTT","GCATGGTGAATCCTCCTTGGAGGGGCTAAATGATCGAGTTTTAAGGGCACGTAGCGAGTTCTGTTTGATCATTGCAGAACTTAGCGGGAGGCGCCATGCGTACATCACTAATGTTATTTCCTTCTATCATTTTCCTTGTGAGTTCTGGCTGCGCATGGCGCGGCCTTTTTTTT"
"pasD1","ref|NZ_JHQW01000093.1|",100,173,100,1,173,2938,2766,1.62e-86,320,"GCATGGTGAATCCTCCTTGGAGGGGCTAAATGATCGAGTTTTAAGGGCACGTAGCGAGTTCTGTTTGATCATTGCAGAACTTAGCGGGAGGCGCCATGCGTACATCACTAATGTTATTTCCTTCTATCATTTTCCTTGTGAGTTCTGGCTGCGCATGGCGCGGCCTTTTTTTT","GCATGGTGAATCCTCCTTGGAGGGGCTAAATGATCGAGTTTTAAGGGCACGTAGCGAGTTCTGTTTGATCATTGCAGAACTTAGCGGGAGGCGCCATGCGTACATCACTAATGTTATTTCCTTCTATCATTTTCCTTGTGAGTTCTGGCTGCGCATGGCGCGGCCTTTTTTTT"
"pasD1","ref|NZ_JHRJ01000069.1|",99.422,173,100,1,173,456,628,7.53e-85,315,"GCATGGTGAATCCTCCTTGGAGGGGCTAAATGATCGAGTTTTAAGGGCACGTAGCGAGTTCTGTTTGATCATTGCAGAACTTAGCGGGAGGCGCCATGCGTACATCACTAATGTTATTTCCTTCTATCATTTTCCTTGTGAGTTCTGGCTGCGCATGGCGCGGCCTTTTTTTT","GCATGGTGAATCCTCCTTGGAGGGGCTAAATGATCGAGTTTTAAGGGCACGTAGCGAATTCTGTTTGATCATTGCAGAACTTAGCGGGAGGCGCCATGCGTACATCACTAATGTTATTTCCTTCTATCATTTTCCTTGTGAGTTCTGGCTGCGCATGGCGCGGCCTTTTTTTT"
"pasD1","ref|NZ_JHTE01000071.1|",99.422,173,100,1,173,6697,6869,7.53e-85,315,"GCATGGTGAATCCTCCTTGGAGGGGCTAAATGATCGAGTTTTAAGGGCACGTAGCGAGTTCTGTTTGATCATTGCAGAACTTAGCGGGAGGCGCCATGCGTACATCACTAATGTTATTTCCTTCTATCATTTTCCTTGTGAGTTCTGGCTGCGCATGGCGCGGCCTTTTTTTT","GCATGGTGAATCCTCCTTGGAGGGGCTAAATGATCGAGTTTTAAGGGCACGTAGCGAATTCTGTTTGATCATTGCAGAACTTAGCGGGAGGCGCCATGCGTACATCACTAATGTTATTTCCTTCTATCATTTTCCTTGTGAGTTCTGGCTGCGCATGGCGCGGCCTTTTTTTT"
"pasD1","ref|NZ_JHRW01000092.1|",99.422,173,100,1,173,1100,1272,7.53e-85,315,"GCATGGTGAATCCTCCTTGGAGGGGCTAAATGATCGAGTTTTAAGGGCACGTAGCGAGTTCTGTTTGATCATTGCAGAACTTAGCGGGAGGCGCCATGCGTACATCACTAATGTTATTTCCTTCTATCATTTTCCTTGTGAGTTCTGGCTGCGCATGGCGCGGCCTTTTTTTT","GCATGGTGAATCCTCCTTGGAGGGGCTAAATGATCGAGTTTTAAGGGCACGTAGCGAATTCTGTTTGATCATTGCAGAACTTAGCGGGAGGCGCCATGCGTACATCACTAATGTTATTTCCTTCTATCATTTTCCTTGTGAGTTCTGGCTGCGCATGGCGCGGCCTTTTTTTT"
"pasD1","ref|NZ_JHRF01000125.1|",99.422,173,100,1,173,5133,4961,7.53e-85,315,"GCATGGTGAATCCTCCTTGGAGGGGCTAAATGATCGAGTTTTAAGGGCACGTAGCGAGTTCTGTTTGATCATTGCAGAACTTAGCGGGAGGCGCCATGCGTACATCACTAATGTTATTTCCTTCTATCATTTTCCTTGTGAGTTCTGGCTGCGCATGGCGCGGCCTTTTTTTT","GCATGGTGAATCCTCCTTGGAGGGGCTAAATGATCGAGTTTTAAGGGCACGTAGCGAATTCTGTTTGATCATTGCAGAACTTAGCGGGAGGCGCCATGCGTACATCACTAATGTTATTTCCTTCTATCATTTTCCTTGTGAGTTCTGGCTGCGCATGGCGCGGCCTTTTTTTT"
"pasD1","ref|NZ_JHQV01000073.1|",99.422,173,100,1,173,4927,4755,7.53e-85,315,"GCATGGTGAATCCTCCTTGGAGGGGCTAAATGATCGAGTTTTAAGGGCACGTAGCGAGTTCTGTTTGATCATTGCAGAACTTAGCGGGAGGCGCCATGCGTACATCACTAATGTTATTTCCTTCTATCATTTTCCTTGTGAGTTCTGGCTGCGCATGGCGCGGCCTTTTTTTT","GCATGGTGAATCCTCCTTGGAGGGGCTAAATGATCGAGTTTTAAGGGCACGTAGCGAATTCTGTTTGATCATTGCAGAACTTAGCGGGAGGCGCCATGCGTACATCACTAATGTTATTTCCTTCTATCATTTTCCTTGTGAGTTCTGGCTGCGCATGGCGCGGCCTTTTTTTT"
"pasD2","ref|NZ_JHTM01000277.1|",100,172,100,1,172,342,171,5.82e-86,318,"GCATGGTGAATCCTCCTTGGAGGGGCTAAATGATCGAGTTTTAAGGGCACGTAGCGAGTTCTGTTTGATCATTGCAGAACTTAGCGGGAGGCGCCATGCGTACATCACTAGTGTTATTCCTTTTATCATTTTCCTTGTGAGTTCTGGCTGCGCATTGCGCAGCCTTTTTTTT","GCATGGTGAATCCTCCTTGGAGGGGCTAAATGATCGAGTTTTAAGGGCACGTAGCGAGTTCTGTTTGATCATTGCAGAACTTAGCGGGAGGCGCCATGCGTACATCACTAGTGTTATTCCTTTTATCATTTTCCTTGTGAGTTCTGGCTGCGCATTGCGCAGCCTTTTTTTT"
"pasD2","ref|NZ_JHTM01000212.1|",100,172,100,1,172,585,414,5.82e-86,318,"GCATGGTGAATCCTCCTTGGAGGGGCTAAATGATCGAGTTTTAAGGGCACGTAGCGAGTTCTGTTTGATCATTGCAGAACTTAGCGGGAGGCGCCATGCGTACATCACTAGTGTTATTCCTTTTATCATTTTCCTTGTGAGTTCTGGCTGCGCATTGCGCAGCCTTTTTTTT","GCATGGTGAATCCTCCTTGGAGGGGCTAAATGATCGAGTTTTAAGGGCACGTAGCGAGTTCTGTTTGATCATTGCAGAACTTAGCGGGAGGCGCCATGCGTACATCACTAGTGTTATTCCTTTTATCATTTTCCTTGTGAGTTCTGGCTGCGCATTGCGCAGCCTTTTTTTT"
"pasD2","ref|NZ_JHSI01000071.1|",100,172,100,1,172,1191,1020,5.82e-86,318,"GCATGGTGAATCCTCCTTGGAGGGGCTAAATGATCGAGTTTTAAGGGCACGTAGCGAGTTCTGTTTGATCATTGCAGAACTTAGCGGGAGGCGCCATGCGTACATCACTAGTGTTATTCCTTTTATCATTTTCCTTGTGAGTTCTGGCTGCGCATTGCGCAGCCTTTTTTTT","GCATGGTGAATCCTCCTTGGAGGGGCTAAATGATCGAGTTTTAAGGGCACGTAGCGAGTTCTGTTTGATCATTGCAGAACTTAGCGGGAGGCGCCATGCGTACATCACTAGTGTTATTCCTTTTATCATTTTCCTTGTGAGTTCTGGCTGCGCATTGCGCAGCCTTTTTTTT"
"pasD2","ref|NZ_JHRJ01000112.1|",100,172,100,1,172,155,326,5.82e-86,318,"GCATGGTGAATCCTCCTTGGAGGGGCTAAATGATCGAGTTTTAAGGGCACGTAGCGAGTTCTGTTTGATCATTGCAGAACTTAGCGGGAGGCGCCATGCGTACATCACTAGTGTTATTCCTTTTATCATTTTCCTTGTGAGTTCTGGCTGCGCATTGCGCAGCCTTTTTTTT","GCATGGTGAATCCTCCTTGGAGGGGCTAAATGATCGAGTTTTAAGGGCACGTAGCGAGTTCTGTTTGATCATTGCAGAACTTAGCGGGAGGCGCCATGCGTACATCACTAGTGTTATTCCTTTTATCATTTTCCTTGTGAGTTCTGGCTGCGCATTGCGCAGCCTTTTTTTT"
"pasD2","ref|NZ_JHTJ01000081.1|",100,172,100,1,172,156,327,5.82e-86,318,"GCATGGTGAATCCTCCTTGGAGGGGCTAAATGATCGAGTTTTAAGGGCACGTAGCGAGTTCTGTTTGATCATTGCAGAACTTAGCGGGAGGCGCCATGCGTACATCACTAGTGTTATTCCTTTTATCATTTTCCTTGTGAGTTCTGGCTGCGCATTGCGCAGCCTTTTTTTT","GCATGGTGAATCCTCCTTGGAGGGGCTAAATGATCGAGTTTTAAGGGCACGTAGCGAGTTCTGTTTGATCATTGCAGAACTTAGCGGGAGGCGCCATGCGTACATCACTAGTGTTATTCCTTTTATCATTTTCCTTGTGAGTTCTGGCTGCGCATTGCGCAGCCTTTTTTTT"
"pasD2","ref|NZ_JHTK01000105.1|",100,172,100,1,172,572,401,5.82e-86,318,"GCATGGTGAATCCTCCTTGGAGGGGCTAAATGATCGAGTTTTAAGGGCACGTAGCGAGTTCTGTTTGATCATTGCAGAACTTAGCGGGAGGCGCCATGCGTACATCACTAGTGTTATTCCTTTTATCATTTTCCTTGTGAGTTCTGGCTGCGCATTGCGCAGCCTTTTTTTT","GCATGGTGAATCCTCCTTGGAGGGGCTAAATGATCGAGTTTTAAGGGCACGTAGCGAGTTCTGTTTGATCATTGCAGAACTTAGCGGGAGGCGCCATGCGTACATCACTAGTGTTATTCCTTTTATCATTTTCCTTGTGAGTTCTGGCTGCGCATTGCGCAGCCTTTTTTTT"
"pasD2","ref|NZ_JHTI01000006.1|",100,172,100,1,172,25964,25793,5.82e-86,318,"GCATGGTGAATCCTCCTTGGAGGGGCTAAATGATCGAGTTTTAAGGGCACGTAGCGAGTTCTGTTTGATCATTGCAGAACTTAGCGGGAGGCGCCATGCGTACATCACTAGTGTTATTCCTTTTATCATTTTCCTTGTGAGTTCTGGCTGCGCATTGCGCAGCCTTTTTTTT","GCATGGTGAATCCTCCTTGGAGGGGCTAAATGATCGAGTTTTAAGGGCACGTAGCGAGTTCTGTTTGATCATTGCAGAACTTAGCGGGAGGCGCCATGCGTACATCACTAGTGTTATTCCTTTTATCATTTTCCTTGTGAGTTCTGGCTGCGCATTGCGCAGCCTTTTTTTT"
"pasD2","ref|NZ_JHTF01000179.1|",100,172,100,1,172,802,631,5.82e-86,318,"GCATGGTGAATCCTCCTTGGAGGGGCTAAATGATCGAGTTTTAAGGGCACGTAGCGAGTTCTGTTTGATCATTGCAGAACTTAGCGGGAGGCGCCATGCGTACATCACTAGTGTTATTCCTTTTATCATTTTCCTTGTGAGTTCTGGCTGCGCATTGCGCAGCCTTTTTTTT","GCATGGTGAATCCTCCTTGGAGGGGCTAAATGATCGAGTTTTAAGGGCACGTAGCGAGTTCTGTTTGATCATTGCAGAACTTAGCGGGAGGCGCCATGCGTACATCACTAGTGTTATTCCTTTTATCATTTTCCTTGTGAGTTCTGGCTGCGCATTGCGCAGCCTTTTTTTT"
"pasD2","ref|NZ_JHTE01000133.1|",100,172,100,1,172,800,629,5.82e-86,318,"GCATGGTGAATCCTCCTTGGAGGGGCTAAATGATCGAGTTTTAAGGGCACGTAGCGAGTTCTGTTTGATCATTGCAGAACTTAGCGGGAGGCGCCATGCGTACATCACTAGTGTTATTCCTTTTATCATTTTCCTTGTGAGTTCTGGCTGCGCATTGCGCAGCCTTTTTTTT","GCATGGTGAATCCTCCTTGGAGGGGCTAAATGATCGAGTTTTAAGGGCACGTAGCGAGTTCTGTTTGATCATTGCAGAACTTAGCGGGAGGCGCCATGCGTACATCACTAGTGTTATTCCTTTTATCATTTTCCTTGTGAGTTCTGGCTGCGCATTGCGCAGCCTTTTTTTT"
"pasD2","ref|NZ_JHTB01000105.1|",100,172,100,1,172,1905,1734,5.82e-86,318,"GCATGGTGAATCCTCCTTGGAGGGGCTAAATGATCGAGTTTTAAGGGCACGTAGCGAGTTCTGTTTGATCATTGCAGAACTTAGCGGGAGGCGCCATGCGTACATCACTAGTGTTATTCCTTTTATCATTTTCCTTGTGAGTTCTGGCTGCGCATTGCGCAGCCTTTTTTTT","GCATGGTGAATCCTCCTTGGAGGGGCTAAATGATCGAGTTTTAAGGGCACGTAGCGAGTTCTGTTTGATCATTGCAGAACTTAGCGGGAGGCGCCATGCGTACATCACTAGTGTTATTCCTTTTATCATTTTCCTTGTGAGTTCTGGCTGCGCATTGCGCAGCCTTTTTTTT"
"pasD2","ref|NZ_JHSV01000137.1|",100,172,100,1,172,1903,1732,5.82e-86,318,"GCATGGTGAATCCTCCTTGGAGGGGCTAAATGATCGAGTTTTAAGGGCACGTAGCGAGTTCTGTTTGATCATTGCAGAACTTAGCGGGAGGCGCCATGCGTACATCACTAGTGTTATTCCTTTTATCATTTTCCTTGTGAGTTCTGGCTGCGCATTGCGCAGCCTTTTTTTT","GCATGGTGAATCCTCCTTGGAGGGGCTAAATGATCGAGTTTTAAGGGCACGTAGCGAGTTCTGTTTGATCATTGCAGAACTTAGCGGGAGGCGCCATGCGTACATCACTAGTGTTATTCCTTTTATCATTTTCCTTGTGAGTTCTGGCTGCGCATTGCGCAGCCTTTTTTTT"
"pasD2","ref|NZ_JHSU01000050.1|",100,172,100,1,172,11069,11240,5.82e-86,318,"GCATGGTGAATCCTCCTTGGAGGGGCTAAATGATCGAGTTTTAAGGGCACGTAGCGAGTTCTGTTTGATCATTGCAGAACTTAGCGGGAGGCGCCATGCGTACATCACTAGTGTTATTCCTTTTATCATTTTCCTTGTGAGTTCTGGCTGCGCATTGCGCAGCCTTTTTTTT","GCATGGTGAATCCTCCTTGGAGGGGCTAAATGATCGAGTTTTAAGGGCACGTAGCGAGTTCTGTTTGATCATTGCAGAACTTAGCGGGAGGCGCCATGCGTACATCACTAGTGTTATTCCTTTTATCATTTTCCTTGTGAGTTCTGGCTGCGCATTGCGCAGCCTTTTTTTT"
"pasD2","ref|NZ_JHSS01000046.1|",100,172,100,1,172,701,530,5.82e-86,318,"GCATGGTGAATCCTCCTTGGAGGGGCTAAATGATCGAGTTTTAAGGGCACGTAGCGAGTTCTGTTTGATCATTGCAGAACTTAGCGGGAGGCGCCATGCGTACATCACTAGTGTTATTCCTTTTATCATTTTCCTTGTGAGTTCTGGCTGCGCATTGCGCAGCCTTTTTTTT","GCATGGTGAATCCTCCTTGGAGGGGCTAAATGATCGAGTTTTAAGGGCACGTAGCGAGTTCTGTTTGATCATTGCAGAACTTAGCGGGAGGCGCCATGCGTACATCACTAGTGTTATTCCTTTTATCATTTTCCTTGTGAGTTCTGGCTGCGCATTGCGCAGCCTTTTTTTT"
"pasD2","ref|NZ_JHSP01000082.1|",100,172,100,1,172,1211,1040,5.82e-86,318,"GCATGGTGAATCCTCCTTGGAGGGGCTAAATGATCGAGTTTTAAGGGCACGTAGCGAGTTCTGTTTGATCATTGCAGAACTTAGCGGGAGGCGCCATGCGTACATCACTAGTGTTATTCCTTTTATCATTTTCCTTGTGAGTTCTGGCTGCGCATTGCGCAGCCTTTTTTTT","GCATGGTGAATCCTCCTTGGAGGGGCTAAATGATCGAGTTTTAAGGGCACGTAGCGAGTTCTGTTTGATCATTGCAGAACTTAGCGGGAGGCGCCATGCGTACATCACTAGTGTTATTCCTTTTATCATTTTCCTTGTGAGTTCTGGCTGCGCATTGCGCAGCCTTTTTTTT"
"pasD2","ref|NZ_JHSQ01000051.1|",100,172,100,1,172,7795,7966,5.82e-86,318,"GCATGGTGAATCCTCCTTGGAGGGGCTAAATGATCGAGTTTTAAGGGCACGTAGCGAGTTCTGTTTGATCATTGCAGAACTTAGCGGGAGGCGCCATGCGTACATCACTAGTGTTATTCCTTTTATCATTTTCCTTGTGAGTTCTGGCTGCGCATTGCGCAGCCTTTTTTTT","GCATGGTGAATCCTCCTTGGAGGGGCTAAATGATCGAGTTTTAAGGGCACGTAGCGAGTTCTGTTTGATCATTGCAGAACTTAGCGGGAGGCGCCATGCGTACATCACTAGTGTTATTCCTTTTATCATTTTCCTTGTGAGTTCTGGCTGCGCATTGCGCAGCCTTTTTTTT"
"pasD2","ref|NZ_JHSO01000171.1|",100,172,100,1,172,342,171,5.82e-86,318,"GCATGGTGAATCCTCCTTGGAGGGGCTAAATGATCGAGTTTTAAGGGCACGTAGCGAGTTCTGTTTGATCATTGCAGAACTTAGCGGGAGGCGCCATGCGTACATCACTAGTGTTATTCCTTTTATCATTTTCCTTGTGAGTTCTGGCTGCGCATTGCGCAGCCTTTTTTTT","GCATGGTGAATCCTCCTTGGAGGGGCTAAATGATCGAGTTTTAAGGGCACGTAGCGAGTTCTGTTTGATCATTGCAGAACTTAGCGGGAGGCGCCATGCGTACATCACTAGTGTTATTCCTTTTATCATTTTCCTTGTGAGTTCTGGCTGCGCATTGCGCAGCCTTTTTTTT"
"pasD2","ref|NZ_JHSO01000141.1|",100,172,100,1,172,585,414,5.82e-86,318,"GCATGGTGAATCCTCCTTGGAGGGGCTAAATGATCGAGTTTTAAGGGCACGTAGCGAGTTCTGTTTGATCATTGCAGAACTTAGCGGGAGGCGCCATGCGTACATCACTAGTGTTATTCCTTTTATCATTTTCCTTGTGAGTTCTGGCTGCGCATTGCGCAGCCTTTTTTTT","GCATGGTGAATCCTCCTTGGAGGGGCTAAATGATCGAGTTTTAAGGGCACGTAGCGAGTTCTGTTTGATCATTGCAGAACTTAGCGGGAGGCGCCATGCGTACATCACTAGTGTTATTCCTTTTATCATTTTCCTTGTGAGTTCTGGCTGCGCATTGCGCAGCCTTTTTTTT"
"pasD2","ref|NZ_JHSN01000029.1|",100,172,100,1,172,88848,89019,5.82e-86,318,"GCATGGTGAATCCTCCTTGGAGGGGCTAAATGATCGAGTTTTAAGGGCACGTAGCGAGTTCTGTTTGATCATTGCAGAACTTAGCGGGAGGCGCCATGCGTACATCACTAGTGTTATTCCTTTTATCATTTTCCTTGTGAGTTCTGGCTGCGCATTGCGCAGCCTTTTTTTT","GCATGGTGAATCCTCCTTGGAGGGGCTAAATGATCGAGTTTTAAGGGCACGTAGCGAGTTCTGTTTGATCATTGCAGAACTTAGCGGGAGGCGCCATGCGTACATCACTAGTGTTATTCCTTTTATCATTTTCCTTGTGAGTTCTGGCTGCGCATTGCGCAGCCTTTTTTTT"
"pasD2","ref|NZ_JHSH01000041.1|",100,172,100,1,172,5805,5976,5.82e-86,318,"GCATGGTGAATCCTCCTTGGAGGGGCTAAATGATCGAGTTTTAAGGGCACGTAGCGAGTTCTGTTTGATCATTGCAGAACTTAGCGGGAGGCGCCATGCGTACATCACTAGTGTTATTCCTTTTATCATTTTCCTTGTGAGTTCTGGCTGCGCATTGCGCAGCCTTTTTTTT","GCATGGTGAATCCTCCTTGGAGGGGCTAAATGATCGAGTTTTAAGGGCACGTAGCGAGTTCTGTTTGATCATTGCAGAACTTAGCGGGAGGCGCCATGCGTACATCACTAGTGTTATTCCTTTTATCATTTTCCTTGTGAGTTCTGGCTGCGCATTGCGCAGCCTTTTTTTT"
"pasD2","ref|NZ_JHSH01000012.1|",100,172,100,1,172,166753,166924,5.82e-86,318,"GCATGGTGAATCCTCCTTGGAGGGGCTAAATGATCGAGTTTTAAGGGCACGTAGCGAGTTCTGTTTGATCATTGCAGAACTTAGCGGGAGGCGCCATGCGTACATCACTAGTGTTATTCCTTTTATCATTTTCCTTGTGAGTTCTGGCTGCGCATTGCGCAGCCTTTTTTTT","GCATGGTGAATCCTCCTTGGAGGGGCTAAATGATCGAGTTTTAAGGGCACGTAGCGAGTTCTGTTTGATCATTGCAGAACTTAGCGGGAGGCGCCATGCGTACATCACTAGTGTTATTCCTTTTATCATTTTCCTTGTGAGTTCTGGCTGCGCATTGCGCAGCCTTTTTTTT"
"pasD2","ref|NZ_JHSE01000340.1|",100,172,100,1,172,370,541,5.82e-86,318,"GCATGGTGAATCCTCCTTGGAGGGGCTAAATGATCGAGTTTTAAGGGCACGTAGCGAGTTCTGTTTGATCATTGCAGAACTTAGCGGGAGGCGCCATGCGTACATCACTAGTGTTATTCCTTTTATCATTTTCCTTGTGAGTTCTGGCTGCGCATTGCGCAGCCTTTTTTTT","GCATGGTGAATCCTCCTTGGAGGGGCTAAATGATCGAGTTTTAAGGGCACGTAGCGAGTTCTGTTTGATCATTGCAGAACTTAGCGGGAGGCGCCATGCGTACATCACTAGTGTTATTCCTTTTATCATTTTCCTTGTGAGTTCTGGCTGCGCATTGCGCAGCCTTTTTTTT"
"pasD2","ref|NZ_JHSD01000187.1|",100,172,100,1,172,15897,15726,5.82e-86,318,"GCATGGTGAATCCTCCTTGGAGGGGCTAAATGATCGAGTTTTAAGGGCACGTAGCGAGTTCTGTTTGATCATTGCAGAACTTAGCGGGAGGCGCCATGCGTACATCACTAGTGTTATTCCTTTTATCATTTTCCTTGTGAGTTCTGGCTGCGCATTGCGCAGCCTTTTTTTT","GCATGGTGAATCCTCCTTGGAGGGGCTAAATGATCGAGTTTTAAGGGCACGTAGCGAGTTCTGTTTGATCATTGCAGAACTTAGCGGGAGGCGCCATGCGTACATCACTAGTGTTATTCCTTTTATCATTTTCCTTGTGAGTTCTGGCTGCGCATTGCGCAGCCTTTTTTTT"
"pasD2","ref|NZ_JHSC01000018.1|",100,172,100,1,172,7803,7632,5.82e-86,318,"GCATGGTGAATCCTCCTTGGAGGGGCTAAATGATCGAGTTTTAAGGGCACGTAGCGAGTTCTGTTTGATCATTGCAGAACTTAGCGGGAGGCGCCATGCGTACATCACTAGTGTTATTCCTTTTATCATTTTCCTTGTGAGTTCTGGCTGCGCATTGCGCAGCCTTTTTTTT","GCATGGTGAATCCTCCTTGGAGGGGCTAAATGATCGAGTTTTAAGGGCACGTAGCGAGTTCTGTTTGATCATTGCAGAACTTAGCGGGAGGCGCCATGCGTACATCACTAGTGTTATTCCTTTTATCATTTTCCTTGTGAGTTCTGGCTGCGCATTGCGCAGCCTTTTTTTT"
"pasD2","ref|NZ_JHRY01000282.1|",100,172,100,1,172,366,537,5.82e-86,318,"GCATGGTGAATCCTCCTTGGAGGGGCTAAATGATCGAGTTTTAAGGGCACGTAGCGAGTTCTGTTTGATCATTGCAGAACTTAGCGGGAGGCGCCATGCGTACATCACTAGTGTTATTCCTTTTATCATTTTCCTTGTGAGTTCTGGCTGCGCATTGCGCAGCCTTTTTTTT","GCATGGTGAATCCTCCTTGGAGGGGCTAAATGATCGAGTTTTAAGGGCACGTAGCGAGTTCTGTTTGATCATTGCAGAACTTAGCGGGAGGCGCCATGCGTACATCACTAGTGTTATTCCTTTTATCATTTTCCTTGTGAGTTCTGGCTGCGCATTGCGCAGCCTTTTTTTT"
"pasD2","ref|NZ_JHRW01000130.1|",100,172,100,1,172,154,325,5.82e-86,318,"GCATGGTGAATCCTCCTTGGAGGGGCTAAATGATCGAGTTTTAAGGGCACGTAGCGAGTTCTGTTTGATCATTGCAGAACTTAGCGGGAGGCGCCATGCGTACATCACTAGTGTTATTCCTTTTATCATTTTCCTTGTGAGTTCTGGCTGCGCATTGCGCAGCCTTTTTTTT","GCATGGTGAATCCTCCTTGGAGGGGCTAAATGATCGAGTTTTAAGGGCACGTAGCGAGTTCTGTTTGATCATTGCAGAACTTAGCGGGAGGCGCCATGCGTACATCACTAGTGTTATTCCTTTTATCATTTTCCTTGTGAGTTCTGGCTGCGCATTGCGCAGCCTTTTTTTT"
"pasD2","ref|NZ_JHRV01000010.1|",100,172,100,1,172,700,529,5.82e-86,318,"GCATGGTGAATCCTCCTTGGAGGGGCTAAATGATCGAGTTTTAAGGGCACGTAGCGAGTTCTGTTTGATCATTGCAGAACTTAGCGGGAGGCGCCATGCGTACATCACTAGTGTTATTCCTTTTATCATTTTCCTTGTGAGTTCTGGCTGCGCATTGCGCAGCCTTTTTTTT","GCATGGTGAATCCTCCTTGGAGGGGCTAAATGATCGAGTTTTAAGGGCACGTAGCGAGTTCTGTTTGATCATTGCAGAACTTAGCGGGAGGCGCCATGCGTACATCACTAGTGTTATTCCTTTTATCATTTTCCTTGTGAGTTCTGGCTGCGCATTGCGCAGCCTTTTTTTT"
"pasD2","ref|NZ_JHRS01000337.1|",100,172,100,1,172,1161,990,5.82e-86,318,"GCATGGTGAATCCTCCTTGGAGGGGCTAAATGATCGAGTTTTAAGGGCACGTAGCGAGTTCTGTTTGATCATTGCAGAACTTAGCGGGAGGCGCCATGCGTACATCACTAGTGTTATTCCTTTTATCATTTTCCTTGTGAGTTCTGGCTGCGCATTGCGCAGCCTTTTTTTT","GCATGGTGAATCCTCCTTGGAGGGGCTAAATGATCGAGTTTTAAGGGCACGTAGCGAGTTCTGTTTGATCATTGCAGAACTTAGCGGGAGGCGCCATGCGTACATCACTAGTGTTATTCCTTTTATCATTTTCCTTGTGAGTTCTGGCTGCGCATTGCGCAGCCTTTTTTTT"
"pasD2","ref|NZ_JHRQ01000103.1|",100,172,100,1,172,570,399,5.82e-86,318,"GCATGGTGAATCCTCCTTGGAGGGGCTAAATGATCGAGTTTTAAGGGCACGTAGCGAGTTCTGTTTGATCATTGCAGAACTTAGCGGGAGGCGCCATGCGTACATCACTAGTGTTATTCCTTTTATCATTTTCCTTGTGAGTTCTGGCTGCGCATTGCGCAGCCTTTTTTTT","GCATGGTGAATCCTCCTTGGAGGGGCTAAATGATCGAGTTTTAAGGGCACGTAGCGAGTTCTGTTTGATCATTGCAGAACTTAGCGGGAGGCGCCATGCGTACATCACTAGTGTTATTCCTTTTATCATTTTCCTTGTGAGTTCTGGCTGCGCATTGCGCAGCCTTTTTTTT"
"pasD2","ref|NZ_JHRP01000110.1|",100,172,100,1,172,15776,15947,5.82e-86,318,"GCATGGTGAATCCTCCTTGGAGGGGCTAAATGATCGAGTTTTAAGGGCACGTAGCGAGTTCTGTTTGATCATTGCAGAACTTAGCGGGAGGCGCCATGCGTACATCACTAGTGTTATTCCTTTTATCATTTTCCTTGTGAGTTCTGGCTGCGCATTGCGCAGCCTTTTTTTT","GCATGGTGAATCCTCCTTGGAGGGGCTAAATGATCGAGTTTTAAGGGCACGTAGCGAGTTCTGTTTGATCATTGCAGAACTTAGCGGGAGGCGCCATGCGTACATCACTAGTGTTATTCCTTTTATCATTTTCCTTGTGAGTTCTGGCTGCGCATTGCGCAGCCTTTTTTTT"
"pasD2","ref|NZ_JHRI01000338.1|",100,172,100,1,172,601,772,5.82e-86,318,"GCATGGTGAATCCTCCTTGGAGGGGCTAAATGATCGAGTTTTAAGGGCACGTAGCGAGTTCTGTTTGATCATTGCAGAACTTAGCGGGAGGCGCCATGCGTACATCACTAGTGTTATTCCTTTTATCATTTTCCTTGTGAGTTCTGGCTGCGCATTGCGCAGCCTTTTTTTT","GCATGGTGAATCCTCCTTGGAGGGGCTAAATGATCGAGTTTTAAGGGCACGTAGCGAGTTCTGTTTGATCATTGCAGAACTTAGCGGGAGGCGCCATGCGTACATCACTAGTGTTATTCCTTTTATCATTTTCCTTGTGAGTTCTGGCTGCGCATTGCGCAGCCTTTTTTTT"
"pasD2","ref|NZ_JHRL01000153.1|",100,172,100,1,172,987,816,5.82e-86,318,"GCATGGTGAATCCTCCTTGGAGGGGCTAAATGATCGAGTTTTAAGGGCACGTAGCGAGTTCTGTTTGATCATTGCAGAACTTAGCGGGAGGCGCCATGCGTACATCACTAGTGTTATTCCTTTTATCATTTTCCTTGTGAGTTCTGGCTGCGCATTGCGCAGCCTTTTTTTT","GCATGGTGAATCCTCCTTGGAGGGGCTAAATGATCGAGTTTTAAGGGCACGTAGCGAGTTCTGTTTGATCATTGCAGAACTTAGCGGGAGGCGCCATGCGTACATCACTAGTGTTATTCCTTTTATCATTTTCCTTGTGAGTTCTGGCTGCGCATTGCGCAGCCTTTTTTTT"
"pasD2","ref|NZ_JHRF01000279.1|",100,172,100,1,172,154,325,5.82e-86,318,"GCATGGTGAATCCTCCTTGGAGGGGCTAAATGATCGAGTTTTAAGGGCACGTAGCGAGTTCTGTTTGATCATTGCAGAACTTAGCGGGAGGCGCCATGCGTACATCACTAGTGTTATTCCTTTTATCATTTTCCTTGTGAGTTCTGGCTGCGCATTGCGCAGCCTTTTTTTT","GCATGGTGAATCCTCCTTGGAGGGGCTAAATGATCGAGTTTTAAGGGCACGTAGCGAGTTCTGTTTGATCATTGCAGAACTTAGCGGGAGGCGCCATGCGTACATCACTAGTGTTATTCCTTTTATCATTTTCCTTGTGAGTTCTGGCTGCGCATTGCGCAGCCTTTTTTTT"
"pasD2","ref|NZ_JHRE01000147.1|",100,172,100,1,172,1233,1062,5.82e-86,318,"GCATGGTGAATCCTCCTTGGAGGGGCTAAATGATCGAGTTTTAAGGGCACGTAGCGAGTTCTGTTTGATCATTGCAGAACTTAGCGGGAGGCGCCATGCGTACATCACTAGTGTTATTCCTTTTATCATTTTCCTTGTGAGTTCTGGCTGCGCATTGCGCAGCCTTTTTTTT","GCATGGTGAATCCTCCTTGGAGGGGCTAAATGATCGAGTTTTAAGGGCACGTAGCGAGTTCTGTTTGATCATTGCAGAACTTAGCGGGAGGCGCCATGCGTACATCACTAGTGTTATTCCTTTTATCATTTTCCTTGTGAGTTCTGGCTGCGCATTGCGCAGCCTTTTTTTT"
"pasD2","ref|NZ_JHRB01000273.1|",100,172,100,1,172,281,452,5.82e-86,318,"GCATGGTGAATCCTCCTTGGAGGGGCTAAATGATCGAGTTTTAAGGGCACGTAGCGAGTTCTGTTTGATCATTGCAGAACTTAGCGGGAGGCGCCATGCGTACATCACTAGTGTTATTCCTTTTATCATTTTCCTTGTGAGTTCTGGCTGCGCATTGCGCAGCCTTTTTTTT","GCATGGTGAATCCTCCTTGGAGGGGCTAAATGATCGAGTTTTAAGGGCACGTAGCGAGTTCTGTTTGATCATTGCAGAACTTAGCGGGAGGCGCCATGCGTACATCACTAGTGTTATTCCTTTTATCATTTTCCTTGTGAGTTCTGGCTGCGCATTGCGCAGCCTTTTTTTT"
"pasD2","ref|NZ_JHQY01000142.1|",100,172,100,1,172,101,272,5.82e-86,318,"GCATGGTGAATCCTCCTTGGAGGGGCTAAATGATCGAGTTTTAAGGGCACGTAGCGAGTTCTGTTTGATCATTGCAGAACTTAGCGGGAGGCGCCATGCGTACATCACTAGTGTTATTCCTTTTATCATTTTCCTTGTGAGTTCTGGCTGCGCATTGCGCAGCCTTTTTTTT","GCATGGTGAATCCTCCTTGGAGGGGCTAAATGATCGAGTTTTAAGGGCACGTAGCGAGTTCTGTTTGATCATTGCAGAACTTAGCGGGAGGCGCCATGCGTACATCACTAGTGTTATTCCTTTTATCATTTTCCTTGTGAGTTCTGGCTGCGCATTGCGCAGCCTTTTTTTT"
"pasD2","ref|NZ_JHQV01000070.1|",100,172,100,1,172,155,326,5.82e-86,318,"GCATGGTGAATCCTCCTTGGAGGGGCTAAATGATCGAGTTTTAAGGGCACGTAGCGAGTTCTGTTTGATCATTGCAGAACTTAGCGGGAGGCGCCATGCGTACATCACTAGTGTTATTCCTTTTATCATTTTCCTTGTGAGTTCTGGCTGCGCATTGCGCAGCCTTTTTTTT","GCATGGTGAATCCTCCTTGGAGGGGCTAAATGATCGAGTTTTAAGGGCACGTAGCGAGTTCTGTTTGATCATTGCAGAACTTAGCGGGAGGCGCCATGCGTACATCACTAGTGTTATTCCTTTTATCATTTTCCTTGTGAGTTCTGGCTGCGCATTGCGCAGCCTTTTTTTT"
"pasD2","ref|NZ_JHQX01000061.1|",100,172,100,1,172,1308,1137,5.82e-86,318,"GCATGGTGAATCCTCCTTGGAGGGGCTAAATGATCGAGTTTTAAGGGCACGTAGCGAGTTCTGTTTGATCATTGCAGAACTTAGCGGGAGGCGCCATGCGTACATCACTAGTGTTATTCCTTTTATCATTTTCCTTGTGAGTTCTGGCTGCGCATTGCGCAGCCTTTTTTTT","GCATGGTGAATCCTCCTTGGAGGGGCTAAATGATCGAGTTTTAAGGGCACGTAGCGAGTTCTGTTTGATCATTGCAGAACTTAGCGGGAGGCGCCATGCGTACATCACTAGTGTTATTCCTTTTATCATTTTCCTTGTGAGTTCTGGCTGCGCATTGCGCAGCCTTTTTTTT"
"pasD2","ref|NZ_JHRT01000266.1|",99.419,172,100,1,172,318,488,9.75e-84,311,"GCATGGTGAATCCTCCTTGGAGGGGCTAAATGATCGAGTTTTAAGGGCACGTAGCGAGTTCTGTTTGATCATTGCAGAACTTAGCGGGAGGCGCCATGCGTACATCACTAGTGTTATTCCTTTTATCATTTTCCTTGTGAGTTCTGGCTGCGCATTGCGCAGCCTTTTTTTT","GCATGGTGAATCCTCCTTGGAGGGGCTAAATGATCGAGTTTTAAGGGCACGTAGCGAGTTCTGTTTGATCATTGCAGAACTTAGCGGGAGGCGCCATGCGTACATCACTAGTGTTATTCCTTTTATCATTTTCCTTGTGAGTTCTGGCTGCGCATTGCGCAGC-TTTTTTTT"
"pasD2","ref|NZ_JHSI01000060.1|",97.11,173,100,1,172,600,772,1.27e-77,291,"GCATGGTGAATCCTCCTTGGAGGGGCTAAATGATCGAGTTTTAAGGGCACGTAGCGAGTTCTGTTTGATCATTGCAGAACTTAGCGGGAGGCGCCATGCGTACATCACTAGTGTTA-TTCCTTTTATCATTTTCCTTGTGAGTTCTGGCTGCGCATTGCGCAGCCTTTTTTTT","GCATGGTGAATCCTCCTTGGAGGGGCTAAATGATCGAGTTTTAAGGGCACGTAGCGAGTTCTGTTTGATCATTGCAGAACTTAGCGGGAGGCGCCATGCGTACATCACTAATGTTATTTCCTTCTATCATTTTCCTTGTGAGTTCTGGCTGCGCATGGCGCGGCCTTTTTTTT"
"pasD2","ref|NZ_JHTJ01000080.1|",97.11,173,100,1,172,155,327,1.27e-77,291,"GCATGGTGAATCCTCCTTGGAGGGGCTAAATGATCGAGTTTTAAGGGCACGTAGCGAGTTCTGTTTGATCATTGCAGAACTTAGCGGGAGGCGCCATGCGTACATCACTAGTGTTA-TTCCTTTTATCATTTTCCTTGTGAGTTCTGGCTGCGCATTGCGCAGCCTTTTTTTT","GCATGGTGAATCCTCCTTGGAGGGGCTAAATGATCGAGTTTTAAGGGCACGTAGCGAGTTCTGTTTGATCATTGCAGAACTTAGCGGGAGGCGCCATGCGTACATCACTAATGTTATTTCCTTCTATCATTTTCCTTGTGAGTTCTGGCTGCGCATGGCGCGGCCTTTTTTTT"
"pasD2","ref|NZ_JHTL01000043.1|",97.11,173,100,1,172,16949,17121,1.27e-77,291,"GCATGGTGAATCCTCCTTGGAGGGGCTAAATGATCGAGTTTTAAGGGCACGTAGCGAGTTCTGTTTGATCATTGCAGAACTTAGCGGGAGGCGCCATGCGTACATCACTAGTGTTA-TTCCTTTTATCATTTTCCTTGTGAGTTCTGGCTGCGCATTGCGCAGCCTTTTTTTT","GCATGGTGAATCCTCCTTGGAGGGGCTAAATGATCGAGTTTTAAGGGCACGTAGCGAGTTCTGTTTGATCATTGCAGAACTTAGCGGGAGGCGCCATGCGTACATCACTAATGTTATTTCCTTCTATCATTTTCCTTGTGAGTTCTGGCTGCGCATGGCGCGGCCTTTTTTTT"
"pasD2","ref|NZ_JHTK01000076.1|",97.11,173,100,1,172,344,516,1.27e-77,291,"GCATGGTGAATCCTCCTTGGAGGGGCTAAATGATCGAGTTTTAAGGGCACGTAGCGAGTTCTGTTTGATCATTGCAGAACTTAGCGGGAGGCGCCATGCGTACATCACTAGTGTTA-TTCCTTTTATCATTTTCCTTGTGAGTTCTGGCTGCGCATTGCGCAGCCTTTTTTTT","GCATGGTGAATCCTCCTTGGAGGGGCTAAATGATCGAGTTTTAAGGGCACGTAGCGAGTTCTGTTTGATCATTGCAGAACTTAGCGGGAGGCGCCATGCGTACATCACTAATGTTATTTCCTTCTATCATTTTCCTTGTGAGTTCTGGCTGCGCATGGCGCGGCCTTTTTTTT"
"pasD2","ref|NZ_JHTH01000238.1|",97.11,173,100,1,172,416,588,1.27e-77,291,"GCATGGTGAATCCTCCTTGGAGGGGCTAAATGATCGAGTTTTAAGGGCACGTAGCGAGTTCTGTTTGATCATTGCAGAACTTAGCGGGAGGCGCCATGCGTACATCACTAGTGTTA-TTCCTTTTATCATTTTCCTTGTGAGTTCTGGCTGCGCATTGCGCAGCCTTTTTTTT","GCATGGTGAATCCTCCTTGGAGGGGCTAAATGATCGAGTTTTAAGGGCACGTAGCGAGTTCTGTTTGATCATTGCAGAACTTAGCGGGAGGCGCCATGCGTACATCACTAATGTTATTTCCTTCTATCATTTTCCTTGTGAGTTCTGGCTGCGCATGGCGCGGCCTTTTTTTT"
"pasD2","ref|NZ_JHTG01000092.1|",97.11,173,100,1,172,5265,5093,1.27e-77,291,"GCATGGTGAATCCTCCTTGGAGGGGCTAAATGATCGAGTTTTAAGGGCACGTAGCGAGTTCTGTTTGATCATTGCAGAACTTAGCGGGAGGCGCCATGCGTACATCACTAGTGTTATT-CCTTTTATCATTTTCCTTGTGAGTTCTGGCTGCGCATTGCGCAGCCTTTTTTTT","GCATGGTGAATCCTCCTTGGAGGGGCTAAATGATCGAGTTTTAAGGGCACGTAGCGAGTTCTGTTTGATCATTGCAGAACTTAGCGGGAGGCGCCATGCGTACATCACTAATGTTATTTCCTTCTATCATTTTCCTTGTGAGTTCTGGCTGCGCATGGCGCGGCCTTTTTTTT"
"pasD2","ref|NZ_JHTF01000131.1|",97.11,173,100,1,172,670,498,1.27e-77,291,"GCATGGTGAATCCTCCTTGGAGGGGCTAAATGATCGAGTTTTAAGGGCACGTAGCGAGTTCTGTTTGATCATTGCAGAACTTAGCGGGAGGCGCCATGCGTACATCACTAGTGTTATT-CCTTTTATCATTTTCCTTGTGAGTTCTGGCTGCGCATTGCGCAGCCTTTTTTTT","GCATGGTGAATCCTCCTTGGAGGGGCTAAATGATCGAGTTTTAAGGGCACGTAGCGAGTTCTGTTTGATCATTGCAGAACTTAGCGGGAGGCGCCATGCGTACATCACTAATGTTATTTCCTTCTATCATTTTCCTTGTGAGTTCTGGCTGCGCATGGCGCGGCCTTTTTTTT"
"pasD2","ref|NZ_JHTC01000095.1|",97.11,173,100,1,172,1055,883,1.27e-77,291,"GCATGGTGAATCCTCCTTGGAGGGGCTAAATGATCGAGTTTTAAGGGCACGTAGCGAGTTCTGTTTGATCATTGCAGAACTTAGCGGGAGGCGCCATGCGTACATCACTAGTGTTATT-CCTTTTATCATTTTCCTTGTGAGTTCTGGCTGCGCATTGCGCAGCCTTTTTTTT","GCATGGTGAATCCTCCTTGGAGGGGCTAAATGATCGAGTTTTAAGGGCACGTAGCGAGTTCTGTTTGATCATTGCAGAACTTAGCGGGAGGCGCCATGCGTACATCACTAATGTTATTTCCTTCTATCATTTTCCTTGTGAGTTCTGGCTGCGCATGGCGCGGCCTTTTTTTT"
"pasD2","ref|NZ_JHTD01000063.1|",97.11,173,100,1,172,2755,2583,1.27e-77,291,"GCATGGTGAATCCTCCTTGGAGGGGCTAAATGATCGAGTTTTAAGGGCACGTAGCGAGTTCTGTTTGATCATTGCAGAACTTAGCGGGAGGCGCCATGCGTACATCACTAGTGTTATT-CCTTTTATCATTTTCCTTGTGAGTTCTGGCTGCGCATTGCGCAGCCTTTTTTTT","GCATGGTGAATCCTCCTTGGAGGGGCTAAATGATCGAGTTTTAAGGGCACGTAGCGAGTTCTGTTTGATCATTGCAGAACTTAGCGGGAGGCGCCATGCGTACATCACTAATGTTATTTCCTTCTATCATTTTCCTTGTGAGTTCTGGCTGCGCATGGCGCGGCCTTTTTTTT"
"pasD2","ref|NZ_JHTB01000104.1|",97.11,173,100,1,172,3561,3733,1.27e-77,291,"GCATGGTGAATCCTCCTTGGAGGGGCTAAATGATCGAGTTTTAAGGGCACGTAGCGAGTTCTGTTTGATCATTGCAGAACTTAGCGGGAGGCGCCATGCGTACATCACTAGTGTTA-TTCCTTTTATCATTTTCCTTGTGAGTTCTGGCTGCGCATTGCGCAGCCTTTTTTTT","GCATGGTGAATCCTCCTTGGAGGGGCTAAATGATCGAGTTTTAAGGGCACGTAGCGAGTTCTGTTTGATCATTGCAGAACTTAGCGGGAGGCGCCATGCGTACATCACTAATGTTATTTCCTTCTATCATTTTCCTTGTGAGTTCTGGCTGCGCATGGCGCGGCCTTTTTTTT"
"pasD2","ref|NZ_JHTA01000096.1|",97.11,173,100,1,172,1049,877,1.27e-77,291,"GCATGGTGAATCCTCCTTGGAGGGGCTAAATGATCGAGTTTTAAGGGCACGTAGCGAGTTCTGTTTGATCATTGCAGAACTTAGCGGGAGGCGCCATGCGTACATCACTAGTGTTATT-CCTTTTATCATTTTCCTTGTGAGTTCTGGCTGCGCATTGCGCAGCCTTTTTTTT","GCATGGTGAATCCTCCTTGGAGGGGCTAAATGATCGAGTTTTAAGGGCACGTAGCGAGTTCTGTTTGATCATTGCAGAACTTAGCGGGAGGCGCCATGCGTACATCACTAATGTTATTTCCTTCTATCATTTTCCTTGTGAGTTCTGGCTGCGCATGGCGCGGCCTTTTTTTT"
"pasD2","ref|NZ_JHSZ01000020.1|",97.11,173,100,1,172,43416,43588,1.27e-77,291,"GCATGGTGAATCCTCCTTGGAGGGGCTAAATGATCGAGTTTTAAGGGCACGTAGCGAGTTCTGTTTGATCATTGCAGAACTTAGCGGGAGGCGCCATGCGTACATCACTAGTGTTA-TTCCTTTTATCATTTTCCTTGTGAGTTCTGGCTGCGCATTGCGCAGCCTTTTTTTT","GCATGGTGAATCCTCCTTGGAGGGGCTAAATGATCGAGTTTTAAGGGCACGTAGCGAGTTCTGTTTGATCATTGCAGAACTTAGCGGGAGGCGCCATGCGTACATCACTAATGTTATTTCCTTCTATCATTTTCCTTGTGAGTTCTGGCTGCGCATGGCGCGGCCTTTTTTTT"
"pasD2","ref|NZ_JHSY01000284.1|",97.11,173,100,1,172,1478,1306,1.27e-77,291,"GCATGGTGAATCCTCCTTGGAGGGGCTAAATGATCGAGTTTTAAGGGCACGTAGCGAGTTCTGTTTGATCATTGCAGAACTTAGCGGGAGGCGCCATGCGTACATCACTAGTGTTATT-CCTTTTATCATTTTCCTTGTGAGTTCTGGCTGCGCATTGCGCAGCCTTTTTTTT","GCATGGTGAATCCTCCTTGGAGGGGCTAAATGATCGAGTTTTAAGGGCACGTAGCGAGTTCTGTTTGATCATTGCAGAACTTAGCGGGAGGCGCCATGCGTACATCACTAATGTTATTTCCTTCTATCATTTTCCTTGTGAGTTCTGGCTGCGCATGGCGCGGCCTTTTTTTT"
"pasD2","ref|NZ_JHSY01000163.1|",97.11,173,100,1,172,2697,2525,1.27e-77,291,"GCATGGTGAATCCTCCTTGGAGGGGCTAAATGATCGAGTTTTAAGGGCACGTAGCGAGTTCTGTTTGATCATTGCAGAACTTAGCGGGAGGCGCCATGCGTACATCACTAGTGTTATT-CCTTTTATCATTTTCCTTGTGAGTTCTGGCTGCGCATTGCGCAGCCTTTTTTTT","GCATGGTGAATCCTCCTTGGAGGGGCTAAATGATCGAGTTTTAAGGGCACGTAGCGAGTTCTGTTTGATCATTGCAGAACTTAGCGGGAGGCGCCATGCGTACATCACTAATGTTATTTCCTTCTATCATTTTCCTTGTGAGTTCTGGCTGCGCATGGCGCGGCCTTTTTTTT"
"pasD2","ref|NZ_JHSX01000015.1|",97.11,173,100,1,172,1937,2109,1.27e-77,291,"GCATGGTGAATCCTCCTTGGAGGGGCTAAATGATCGAGTTTTAAGGGCACGTAGCGAGTTCTGTTTGATCATTGCAGAACTTAGCGGGAGGCGCCATGCGTACATCACTAGTGTTA-TTCCTTTTATCATTTTCCTTGTGAGTTCTGGCTGCGCATTGCGCAGCCTTTTTTTT","GCATGGTGAATCCTCCTTGGAGGGGCTAAATGATCGAGTTTTAAGGGCACGTAGCGAGTTCTGTTTGATCATTGCAGAACTTAGCGGGAGGCGCCATGCGTACATCACTAATGTTATTTCCTTCTATCATTTTCCTTGTGAGTTCTGGCTGCGCATGGCGCGGCCTTTTTTTT"
"pasD2","ref|NZ_JHSW01000066.1|",97.11,173,100,1,172,9330,9502,1.27e-77,291,"GCATGGTGAATCCTCCTTGGAGGGGCTAAATGATCGAGTTTTAAGGGCACGTAGCGAGTTCTGTTTGATCATTGCAGAACTTAGCGGGAGGCGCCATGCGTACATCACTAGTGTTA-TTCCTTTTATCATTTTCCTTGTGAGTTCTGGCTGCGCATTGCGCAGCCTTTTTTTT","GCATGGTGAATCCTCCTTGGAGGGGCTAAATGATCGAGTTTTAAGGGCACGTAGCGAGTTCTGTTTGATCATTGCAGAACTTAGCGGGAGGCGCCATGCGTACATCACTAATGTTATTTCCTTCTATCATTTTCCTTGTGAGTTCTGGCTGCGCATGGCGCGGCCTTTTTTTT"
"pasD2","ref|NZ_JHSV01000166.1|",97.11,173,100,1,172,100,272,1.27e-77,291,"GCATGGTGAATCCTCCTTGGAGGGGCTAAATGATCGAGTTTTAAGGGCACGTAGCGAGTTCTGTTTGATCATTGCAGAACTTAGCGGGAGGCGCCATGCGTACATCACTAGTGTTA-TTCCTTTTATCATTTTCCTTGTGAGTTCTGGCTGCGCATTGCGCAGCCTTTTTTTT","GCATGGTGAATCCTCCTTGGAGGGGCTAAATGATCGAGTTTTAAGGGCACGTAGCGAGTTCTGTTTGATCATTGCAGAACTTAGCGGGAGGCGCCATGCGTACATCACTAATGTTATTTCCTTCTATCATTTTCCTTGTGAGTTCTGGCTGCGCATGGCGCGGCCTTTTTTTT"
"pasD2","ref|NZ_JHST01000003.1|",97.11,173,100,1,172,24060,23888,1.27e-77,291,"GCATGGTGAATCCTCCTTGGAGGGGCTAAATGATCGAGTTTTAAGGGCACGTAGCGAGTTCTGTTTGATCATTGCAGAACTTAGCGGGAGGCGCCATGCGTACATCACTAGTGTTATT-CCTTTTATCATTTTCCTTGTGAGTTCTGGCTGCGCATTGCGCAGCCTTTTTTTT","GCATGGTGAATCCTCCTTGGAGGGGCTAAATGATCGAGTTTTAAGGGCACGTAGCGAGTTCTGTTTGATCATTGCAGAACTTAGCGGGAGGCGCCATGCGTACATCACTAATGTTATTTCCTTCTATCATTTTCCTTGTGAGTTCTGGCTGCGCATGGCGCGGCCTTTTTTTT"
"pasD2","ref|NZ_JHSR01000021.1|",97.11,173,100,1,172,44434,44606,1.27e-77,291,"GCATGGTGAATCCTCCTTGGAGGGGCTAAATGATCGAGTTTTAAGGGCACGTAGCGAGTTCTGTTTGATCATTGCAGAACTTAGCGGGAGGCGCCATGCGTACATCACTAGTGTTA-TTCCTTTTATCATTTTCCTTGTGAGTTCTGGCTGCGCATTGCGCAGCCTTTTTTTT","GCATGGTGAATCCTCCTTGGAGGGGCTAAATGATCGAGTTTTAAGGGCACGTAGCGAGTTCTGTTTGATCATTGCAGAACTTAGCGGGAGGCGCCATGCGTACATCACTAATGTTATTTCCTTCTATCATTTTCCTTGTGAGTTCTGGCTGCGCATGGCGCGGCCTTTTTTTT"
"pasD2","ref|NZ_JHSM01000047.1|",97.11,173,100,1,172,12104,11932,1.27e-77,291,"GCATGGTGAATCCTCCTTGGAGGGGCTAAATGATCGAGTTTTAAGGGCACGTAGCGAGTTCTGTTTGATCATTGCAGAACTTAGCGGGAGGCGCCATGCGTACATCACTAGTGTTATT-CCTTTTATCATTTTCCTTGTGAGTTCTGGCTGCGCATTGCGCAGCCTTTTTTTT","GCATGGTGAATCCTCCTTGGAGGGGCTAAATGATCGAGTTTTAAGGGCACGTAGCGAGTTCTGTTTGATCATTGCAGAACTTAGCGGGAGGCGCCATGCGTACATCACTAATGTTATTTCCTTCTATCATTTTCCTTGTGAGTTCTGGCTGCGCATGGCGCGGCCTTTTTTTT"
"pasD2","ref|NZ_JHSL01000048.1|",97.11,173,100,1,172,5763,5935,1.27e-77,291,"GCATGGTGAATCCTCCTTGGAGGGGCTAAATGATCGAGTTTTAAGGGCACGTAGCGAGTTCTGTTTGATCATTGCAGAACTTAGCGGGAGGCGCCATGCGTACATCACTAGTGTTA-TTCCTTTTATCATTTTCCTTGTGAGTTCTGGCTGCGCATTGCGCAGCCTTTTTTTT","GCATGGTGAATCCTCCTTGGAGGGGCTAAATGATCGAGTTTTAAGGGCACGTAGCGAGTTCTGTTTGATCATTGCAGAACTTAGCGGGAGGCGCCATGCGTACATCACTAATGTTATTTCCTTCTATCATTTTCCTTGTGAGTTCTGGCTGCGCATGGCGCGGCCTTTTTTTT"
"pasD2","ref|NZ_JHSK01000049.1|",97.11,173,100,1,172,5764,5936,1.27e-77,291,"GCATGGTGAATCCTCCTTGGAGGGGCTAAATGATCGAGTTTTAAGGGCACGTAGCGAGTTCTGTTTGATCATTGCAGAACTTAGCGGGAGGCGCCATGCGTACATCACTAGTGTTA-TTCCTTTTATCATTTTCCTTGTGAGTTCTGGCTGCGCATTGCGCAGCCTTTTTTTT","GCATGGTGAATCCTCCTTGGAGGGGCTAAATGATCGAGTTTTAAGGGCACGTAGCGAGTTCTGTTTGATCATTGCAGAACTTAGCGGGAGGCGCCATGCGTACATCACTAATGTTATTTCCTTCTATCATTTTCCTTGTGAGTTCTGGCTGCGCATGGCGCGGCCTTTTTTTT"
"pasD2","ref|NZ_JHSG01000012.1|",97.11,173,100,1,172,5,177,1.27e-77,291,"GCATGGTGAATCCTCCTTGGAGGGGCTAAATGATCGAGTTTTAAGGGCACGTAGCGAGTTCTGTTTGATCATTGCAGAACTTAGCGGGAGGCGCCATGCGTACATCACTAGTGTTA-TTCCTTTTATCATTTTCCTTGTGAGTTCTGGCTGCGCATTGCGCAGCCTTTTTTTT","GCATGGTGAATCCTCCTTGGAGGGGCTAAATGATCGAGTTTTAAGGGCACGTAGCGAGTTCTGTTTGATCATTGCAGAACTTAGCGGGAGGCGCCATGCGTACATCACTAATGTTATTTCCTTCTATCATTTTCCTTGTGAGTTCTGGCTGCGCATGGCGCGGCCTTTTTTTT"
"pasD2","ref|NZ_JHSG01000102.1|",97.11,173,100,1,172,713,541,1.27e-77,291,"GCATGGTGAATCCTCCTTGGAGGGGCTAAATGATCGAGTTTTAAGGGCACGTAGCGAGTTCTGTTTGATCATTGCAGAACTTAGCGGGAGGCGCCATGCGTACATCACTAGTGTTATT-CCTTTTATCATTTTCCTTGTGAGTTCTGGCTGCGCATTGCGCAGCCTTTTTTTT","GCATGGTGAATCCTCCTTGGAGGGGCTAAATGATCGAGTTTTAAGGGCACGTAGCGAGTTCTGTTTGATCATTGCAGAACTTAGCGGGAGGCGCCATGCGTACATCACTAATGTTATTTCCTTCTATCATTTTCCTTGTGAGTTCTGGCTGCGCATGGCGCGGCCTTTTTTTT"
"pasD2","ref|NZ_JHSF01000111.1|",97.11,173,100,1,172,6410,6582,1.27e-77,291,"GCATGGTGAATCCTCCTTGGAGGGGCTAAATGATCGAGTTTTAAGGGCACGTAGCGAGTTCTGTTTGATCATTGCAGAACTTAGCGGGAGGCGCCATGCGTACATCACTAGTGTTA-TTCCTTTTATCATTTTCCTTGTGAGTTCTGGCTGCGCATTGCGCAGCCTTTTTTTT","GCATGGTGAATCCTCCTTGGAGGGGCTAAATGATCGAGTTTTAAGGGCACGTAGCGAGTTCTGTTTGATCATTGCAGAACTTAGCGGGAGGCGCCATGCGTACATCACTAATGTTATTTCCTTCTATCATTTTCCTTGTGAGTTCTGGCTGCGCATGGCGCGGCCTTTTTTTT"
"pasD2","ref|NZ_JHSE01000211.1|",97.11,173,100,1,172,181,353,1.27e-77,291,"GCATGGTGAATCCTCCTTGGAGGGGCTAAATGATCGAGTTTTAAGGGCACGTAGCGAGTTCTGTTTGATCATTGCAGAACTTAGCGGGAGGCGCCATGCGTACATCACTAGTGTTA-TTCCTTTTATCATTTTCCTTGTGAGTTCTGGCTGCGCATTGCGCAGCCTTTTTTTT","GCATGGTGAATCCTCCTTGGAGGGGCTAAATGATCGAGTTTTAAGGGCACGTAGCGAGTTCTGTTTGATCATTGCAGAACTTAGCGGGAGGCGCCATGCGTACATCACTAATGTTATTTCCTTCTATCATTTTCCTTGTGAGTTCTGGCTGCGCATGGCGCGGCCTTTTTTTT"
"pasD2","ref|NZ_JHSB01000051.1|",97.11,173,100,1,172,12100,11928,1.27e-77,291,"GCATGGTGAATCCTCCTTGGAGGGGCTAAATGATCGAGTTTTAAGGGCACGTAGCGAGTTCTGTTTGATCATTGCAGAACTTAGCGGGAGGCGCCATGCGTACATCACTAGTGTTATT-CCTTTTATCATTTTCCTTGTGAGTTCTGGCTGCGCATTGCGCAGCCTTTTTTTT","GCATGGTGAATCCTCCTTGGAGGGGCTAAATGATCGAGTTTTAAGGGCACGTAGCGAGTTCTGTTTGATCATTGCAGAACTTAGCGGGAGGCGCCATGCGTACATCACTAATGTTATTTCCTTCTATCATTTTCCTTGTGAGTTCTGGCTGCGCATGGCGCGGCCTTTTTTTT"
"pasD2","ref|NZ_JHSA01000007.1|",97.11,173,100,1,172,120812,120640,1.27e-77,291,"GCATGGTGAATCCTCCTTGGAGGGGCTAAATGATCGAGTTTTAAGGGCACGTAGCGAGTTCTGTTTGATCATTGCAGAACTTAGCGGGAGGCGCCATGCGTACATCACTAGTGTTATT-CCTTTTATCATTTTCCTTGTGAGTTCTGGCTGCGCATTGCGCAGCCTTTTTTTT","GCATGGTGAATCCTCCTTGGAGGGGCTAAATGATCGAGTTTTAAGGGCACGTAGCGAGTTCTGTTTGATCATTGCAGAACTTAGCGGGAGGCGCCATGCGTACATCACTAATGTTATTTCCTTCTATCATTTTCCTTGTGAGTTCTGGCTGCGCATGGCGCGGCCTTTTTTTT"
"pasD2","ref|NZ_JHSA01000103.1|",97.11,173,100,1,172,549,721,1.27e-77,291,"GCATGGTGAATCCTCCTTGGAGGGGCTAAATGATCGAGTTTTAAGGGCACGTAGCGAGTTCTGTTTGATCATTGCAGAACTTAGCGGGAGGCGCCATGCGTACATCACTAGTGTTA-TTCCTTTTATCATTTTCCTTGTGAGTTCTGGCTGCGCATTGCGCAGCCTTTTTTTT","GCATGGTGAATCCTCCTTGGAGGGGCTAAATGATCGAGTTTTAAGGGCACGTAGCGAGTTCTGTTTGATCATTGCAGAACTTAGCGGGAGGCGCCATGCGTACATCACTAATGTTATTTCCTTCTATCATTTTCCTTGTGAGTTCTGGCTGCGCATGGCGCGGCCTTTTTTTT"
"pasD2","ref|NZ_JHRZ01000114.1|",97.11,173,100,1,172,1100,1272,1.27e-77,291,"GCATGGTGAATCCTCCTTGGAGGGGCTAAATGATCGAGTTTTAAGGGCACGTAGCGAGTTCTGTTTGATCATTGCAGAACTTAGCGGGAGGCGCCATGCGTACATCACTAGTGTTA-TTCCTTTTATCATTTTCCTTGTGAGTTCTGGCTGCGCATTGCGCAGCCTTTTTTTT","GCATGGTGAATCCTCCTTGGAGGGGCTAAATGATCGAGTTTTAAGGGCACGTAGCGAGTTCTGTTTGATCATTGCAGAACTTAGCGGGAGGCGCCATGCGTACATCACTAATGTTATTTCCTTCTATCATTTTCCTTGTGAGTTCTGGCTGCGCATGGCGCGGCCTTTTTTTT"
"pasD2","ref|NZ_JHRR01000021.1|",97.11,173,100,1,172,50385,50213,1.27e-77,291,"GCATGGTGAATCCTCCTTGGAGGGGCTAAATGATCGAGTTTTAAGGGCACGTAGCGAGTTCTGTTTGATCATTGCAGAACTTAGCGGGAGGCGCCATGCGTACATCACTAGTGTTATT-CCTTTTATCATTTTCCTTGTGAGTTCTGGCTGCGCATTGCGCAGCCTTTTTTTT","GCATGGTGAATCCTCCTTGGAGGGGCTAAATGATCGAGTTTTAAGGGCACGTAGCGAGTTCTGTTTGATCATTGCAGAACTTAGCGGGAGGCGCCATGCGTACATCACTAATGTTATTTCCTTCTATCATTTTCCTTGTGAGTTCTGGCTGCGCATGGCGCGGCCTTTTTTTT"
"pasD2","ref|NZ_JHRQ01000074.1|",97.11,173,100,1,172,3054,2882,1.27e-77,291,"GCATGGTGAATCCTCCTTGGAGGGGCTAAATGATCGAGTTTTAAGGGCACGTAGCGAGTTCTGTTTGATCATTGCAGAACTTAGCGGGAGGCGCCATGCGTACATCACTAGTGTTATT-CCTTTTATCATTTTCCTTGTGAGTTCTGGCTGCGCATTGCGCAGCCTTTTTTTT","GCATGGTGAATCCTCCTTGGAGGGGCTAAATGATCGAGTTTTAAGGGCACGTAGCGAGTTCTGTTTGATCATTGCAGAACTTAGCGGGAGGCGCCATGCGTACATCACTAATGTTATTTCCTTCTATCATTTTCCTTGTGAGTTCTGGCTGCGCATGGCGCGGCCTTTTTTTT"
"pasD2","ref|NZ_JHRO01000076.1|",97.11,173,100,1,172,5767,5939,1.27e-77,291,"GCATGGTGAATCCTCCTTGGAGGGGCTAAATGATCGAGTTTTAAGGGCACGTAGCGAGTTCTGTTTGATCATTGCAGAACTTAGCGGGAGGCGCCATGCGTACATCACTAGTGTTA-TTCCTTTTATCATTTTCCTTGTGAGTTCTGGCTGCGCATTGCGCAGCCTTTTTTTT","GCATGGTGAATCCTCCTTGGAGGGGCTAAATGATCGAGTTTTAAGGGCACGTAGCGAGTTCTGTTTGATCATTGCAGAACTTAGCGGGAGGCGCCATGCGTACATCACTAATGTTATTTCCTTCTATCATTTTCCTTGTGAGTTCTGGCTGCGCATGGCGCGGCCTTTTTTTT"
"pasD2","ref|NZ_JHRN01000086.1|",97.11,173,100,1,172,3053,2881,1.27e-77,291,"GCATGGTGAATCCTCCTTGGAGGGGCTAAATGATCGAGTTTTAAGGGCACGTAGCGAGTTCTGTTTGATCATTGCAGAACTTAGCGGGAGGCGCCATGCGTACATCACTAGTGTTATT-CCTTTTATCATTTTCCTTGTGAGTTCTGGCTGCGCATTGCGCAGCCTTTTTTTT","GCATGGTGAATCCTCCTTGGAGGGGCTAAATGATCGAGTTTTAAGGGCACGTAGCGAGTTCTGTTTGATCATTGCAGAACTTAGCGGGAGGCGCCATGCGTACATCACTAATGTTATTTCCTTCTATCATTTTCCTTGTGAGTTCTGGCTGCGCATGGCGCGGCCTTTTTTTT"
"pasD2","ref|NZ_JHRM01000105.1|",97.11,173,100,1,172,5150,5322,1.27e-77,291,"GCATGGTGAATCCTCCTTGGAGGGGCTAAATGATCGAGTTTTAAGGGCACGTAGCGAGTTCTGTTTGATCATTGCAGAACTTAGCGGGAGGCGCCATGCGTACATCACTAGTGTTA-TTCCTTTTATCATTTTCCTTGTGAGTTCTGGCTGCGCATTGCGCAGCCTTTTTTTT","GCATGGTGAATCCTCCTTGGAGGGGCTAAATGATCGAGTTTTAAGGGCACGTAGCGAGTTCTGTTTGATCATTGCAGAACTTAGCGGGAGGCGCCATGCGTACATCACTAATGTTATTTCCTTCTATCATTTTCCTTGTGAGTTCTGGCTGCGCATGGCGCGGCCTTTTTTTT"
"pasD2","ref|NZ_JHRI01000274.1|",97.11,173,100,1,172,597,769,1.27e-77,291,"GCATGGTGAATCCTCCTTGGAGGGGCTAAATGATCGAGTTTTAAGGGCACGTAGCGAGTTCTGTTTGATCATTGCAGAACTTAGCGGGAGGCGCCATGCGTACATCACTAGTGTTA-TTCCTTTTATCATTTTCCTTGTGAGTTCTGGCTGCGCATTGCGCAGCCTTTTTTTT","GCATGGTGAATCCTCCTTGGAGGGGCTAAATGATCGAGTTTTAAGGGCACGTAGCGAGTTCTGTTTGATCATTGCAGAACTTAGCGGGAGGCGCCATGCGTACATCACTAATGTTATTTCCTTCTATCATTTTCCTTGTGAGTTCTGGCTGCGCATGGCGCGGCCTTTTTTTT"
"pasD2","ref|NZ_JHRK01000103.1|",97.11,173,100,1,172,332,504,1.27e-77,291,"GCATGGTGAATCCTCCTTGGAGGGGCTAAATGATCGAGTTTTAAGGGCACGTAGCGAGTTCTGTTTGATCATTGCAGAACTTAGCGGGAGGCGCCATGCGTACATCACTAGTGTTA-TTCCTTTTATCATTTTCCTTGTGAGTTCTGGCTGCGCATTGCGCAGCCTTTTTTTT","GCATGGTGAATCCTCCTTGGAGGGGCTAAATGATCGAGTTTTAAGGGCACGTAGCGAGTTCTGTTTGATCATTGCAGAACTTAGCGGGAGGCGCCATGCGTACATCACTAATGTTATTTCCTTCTATCATTTTCCTTGTGAGTTCTGGCTGCGCATGGCGCGGCCTTTTTTTT"
"pasD2","ref|NZ_JHRL01000056.1|",97.11,173,100,1,172,1089,1261,1.27e-77,291,"GCATGGTGAATCCTCCTTGGAGGGGCTAAATGATCGAGTTTTAAGGGCACGTAGCGAGTTCTGTTTGATCATTGCAGAACTTAGCGGGAGGCGCCATGCGTACATCACTAGTGTTA-TTCCTTTTATCATTTTCCTTGTGAGTTCTGGCTGCGCATTGCGCAGCCTTTTTTTT","GCATGGTGAATCCTCCTTGGAGGGGCTAAATGATCGAGTTTTAAGGGCACGTAGCGAGTTCTGTTTGATCATTGCAGAACTTAGCGGGAGGCGCCATGCGTACATCACTAATGTTATTTCCTTCTATCATTTTCCTTGTGAGTTCTGGCTGCGCATGGCGCGGCCTTTTTTTT"
"pasD2","ref|NZ_JHRH01000111.1|",97.11,173,100,1,172,12418,12246,1.27e-77,291,"GCATGGTGAATCCTCCTTGGAGGGGCTAAATGATCGAGTTTTAAGGGCACGTAGCGAGTTCTGTTTGATCATTGCAGAACTTAGCGGGAGGCGCCATGCGTACATCACTAGTGTTATT-CCTTTTATCATTTTCCTTGTGAGTTCTGGCTGCGCATTGCGCAGCCTTTTTTTT","GCATGGTGAATCCTCCTTGGAGGGGCTAAATGATCGAGTTTTAAGGGCACGTAGCGAGTTCTGTTTGATCATTGCAGAACTTAGCGGGAGGCGCCATGCGTACATCACTAATGTTATTTCCTTCTATCATTTTCCTTGTGAGTTCTGGCTGCGCATGGCGCGGCCTTTTTTTT"
"pasD2","ref|NZ_JHRG01000307.1|",97.11,173,100,1,172,258,86,1.27e-77,291,"GCATGGTGAATCCTCCTTGGAGGGGCTAAATGATCGAGTTTTAAGGGCACGTAGCGAGTTCTGTTTGATCATTGCAGAACTTAGCGGGAGGCGCCATGCGTACATCACTAGTGTTATT-CCTTTTATCATTTTCCTTGTGAGTTCTGGCTGCGCATTGCGCAGCCTTTTTTTT","GCATGGTGAATCCTCCTTGGAGGGGCTAAATGATCGAGTTTTAAGGGCACGTAGCGAGTTCTGTTTGATCATTGCAGAACTTAGCGGGAGGCGCCATGCGTACATCACTAATGTTATTTCCTTCTATCATTTTCCTTGTGAGTTCTGGCTGCGCATGGCGCGGCCTTTTTTTT"
"pasD2","ref|NZ_JHRG01000137.1|",97.11,173,100,1,172,7882,7710,1.27e-77,291,"GCATGGTGAATCCTCCTTGGAGGGGCTAAATGATCGAGTTTTAAGGGCACGTAGCGAGTTCTGTTTGATCATTGCAGAACTTAGCGGGAGGCGCCATGCGTACATCACTAGTGTTATT-CCTTTTATCATTTTCCTTGTGAGTTCTGGCTGCGCATTGCGCAGCCTTTTTTTT","GCATGGTGAATCCTCCTTGGAGGGGCTAAATGATCGAGTTTTAAGGGCACGTAGCGAGTTCTGTTTGATCATTGCAGAACTTAGCGGGAGGCGCCATGCGTACATCACTAATGTTATTTCCTTCTATCATTTTCCTTGTGAGTTCTGGCTGCGCATGGCGCGGCCTTTTTTTT"
"pasD2","ref|NZ_JHRD01000056.1|",97.11,173,100,1,172,5761,5933,1.27e-77,291,"GCATGGTGAATCCTCCTTGGAGGGGCTAAATGATCGAGTTTTAAGGGCACGTAGCGAGTTCTGTTTGATCATTGCAGAACTTAGCGGGAGGCGCCATGCGTACATCACTAGTGTTA-TTCCTTTTATCATTTTCCTTGTGAGTTCTGGCTGCGCATTGCGCAGCCTTTTTTTT","GCATGGTGAATCCTCCTTGGAGGGGCTAAATGATCGAGTTTTAAGGGCACGTAGCGAGTTCTGTTTGATCATTGCAGAACTTAGCGGGAGGCGCCATGCGTACATCACTAATGTTATTTCCTTCTATCATTTTCCTTGTGAGTTCTGGCTGCGCATGGCGCGGCCTTTTTTTT"
"pasD2","ref|NZ_JHRC01000051.1|",97.11,173,100,1,172,5761,5933,1.27e-77,291,"GCATGGTGAATCCTCCTTGGAGGGGCTAAATGATCGAGTTTTAAGGGCACGTAGCGAGTTCTGTTTGATCATTGCAGAACTTAGCGGGAGGCGCCATGCGTACATCACTAGTGTTA-TTCCTTTTATCATTTTCCTTGTGAGTTCTGGCTGCGCATTGCGCAGCCTTTTTTTT","GCATGGTGAATCCTCCTTGGAGGGGCTAAATGATCGAGTTTTAAGGGCACGTAGCGAGTTCTGTTTGATCATTGCAGAACTTAGCGGGAGGCGCCATGCGTACATCACTAATGTTATTTCCTTCTATCATTTTCCTTGTGAGTTCTGGCTGCGCATGGCGCGGCCTTTTTTTT"
"pasD2","ref|NZ_JHRA01000075.1|",97.11,173,100,1,172,2964,2792,1.27e-77,291,"GCATGGTGAATCCTCCTTGGAGGGGCTAAATGATCGAGTTTTAAGGGCACGTAGCGAGTTCTGTTTGATCATTGCAGAACTTAGCGGGAGGCGCCATGCGTACATCACTAGTGTTATT-CCTTTTATCATTTTCCTTGTGAGTTCTGGCTGCGCATTGCGCAGCCTTTTTTTT","GCATGGTGAATCCTCCTTGGAGGGGCTAAATGATCGAGTTTTAAGGGCACGTAGCGAGTTCTGTTTGATCATTGCAGAACTTAGCGGGAGGCGCCATGCGTACATCACTAATGTTATTTCCTTCTATCATTTTCCTTGTGAGTTCTGGCTGCGCATGGCGCGGCCTTTTTTTT"
"pasD2","ref|NZ_JHQZ01000066.1|",97.11,173,100,1,172,12416,12244,1.27e-77,291,"GCATGGTGAATCCTCCTTGGAGGGGCTAAATGATCGAGTTTTAAGGGCACGTAGCGAGTTCTGTTTGATCATTGCAGAACTTAGCGGGAGGCGCCATGCGTACATCACTAGTGTTATT-CCTTTTATCATTTTCCTTGTGAGTTCTGGCTGCGCATTGCGCAGCCTTTTTTTT","GCATGGTGAATCCTCCTTGGAGGGGCTAAATGATCGAGTTTTAAGGGCACGTAGCGAGTTCTGTTTGATCATTGCAGAACTTAGCGGGAGGCGCCATGCGTACATCACTAATGTTATTTCCTTCTATCATTTTCCTTGTGAGTTCTGGCTGCGCATGGCGCGGCCTTTTTTTT"
"pasD2","ref|NZ_JHQY01000175.1|",97.11,173,100,1,172,106,278,1.27e-77,291,"GCATGGTGAATCCTCCTTGGAGGGGCTAAATGATCGAGTTTTAAGGGCACGTAGCGAGTTCTGTTTGATCATTGCAGAACTTAGCGGGAGGCGCCATGCGTACATCACTAGTGTTA-TTCCTTTTATCATTTTCCTTGTGAGTTCTGGCTGCGCATTGCGCAGCCTTTTTTTT","GCATGGTGAATCCTCCTTGGAGGGGCTAAATGATCGAGTTTTAAGGGCACGTAGCGAGTTCTGTTTGATCATTGCAGAACTTAGCGGGAGGCGCCATGCGTACATCACTAATGTTATTTCCTTCTATCATTTTCCTTGTGAGTTCTGGCTGCGCATGGCGCGGCCTTTTTTTT"
"pasD2","ref|NZ_JHQW01000093.1|",97.11,173,100,1,172,2938,2766,1.27e-77,291,"GCATGGTGAATCCTCCTTGGAGGGGCTAAATGATCGAGTTTTAAGGGCACGTAGCGAGTTCTGTTTGATCATTGCAGAACTTAGCGGGAGGCGCCATGCGTACATCACTAGTGTTATT-CCTTTTATCATTTTCCTTGTGAGTTCTGGCTGCGCATTGCGCAGCCTTTTTTTT","GCATGGTGAATCCTCCTTGGAGGGGCTAAATGATCGAGTTTTAAGGGCACGTAGCGAGTTCTGTTTGATCATTGCAGAACTTAGCGGGAGGCGCCATGCGTACATCACTAATGTTATTTCCTTCTATCATTTTCCTTGTGAGTTCTGGCTGCGCATGGCGCGGCCTTTTTTTT"
"pasD2","ref|NZ_JHRJ01000069.1|",96.532,173,100,1,172,456,628,5.91e-76,285,"GCATGGTGAATCCTCCTTGGAGGGGCTAAATGATCGAGTTTTAAGGGCACGTAGCGAGTTCTGTTTGATCATTGCAGAACTTAGCGGGAGGCGCCATGCGTACATCACTAGTGTTA-TTCCTTTTATCATTTTCCTTGTGAGTTCTGGCTGCGCATTGCGCAGCCTTTTTTTT","GCATGGTGAATCCTCCTTGGAGGGGCTAAATGATCGAGTTTTAAGGGCACGTAGCGAATTCTGTTTGATCATTGCAGAACTTAGCGGGAGGCGCCATGCGTACATCACTAATGTTATTTCCTTCTATCATTTTCCTTGTGAGTTCTGGCTGCGCATGGCGCGGCCTTTTTTTT"
"pasD2","ref|NZ_JHTE01000071.1|",96.532,173,100,1,172,6697,6869,5.91e-76,285,"GCATGGTGAATCCTCCTTGGAGGGGCTAAATGATCGAGTTTTAAGGGCACGTAGCGAGTTCTGTTTGATCATTGCAGAACTTAGCGGGAGGCGCCATGCGTACATCACTAGTGTTA-TTCCTTTTATCATTTTCCTTGTGAGTTCTGGCTGCGCATTGCGCAGCCTTTTTTTT","GCATGGTGAATCCTCCTTGGAGGGGCTAAATGATCGAGTTTTAAGGGCACGTAGCGAATTCTGTTTGATCATTGCAGAACTTAGCGGGAGGCGCCATGCGTACATCACTAATGTTATTTCCTTCTATCATTTTCCTTGTGAGTTCTGGCTGCGCATGGCGCGGCCTTTTTTTT"
"pasD2","ref|NZ_JHRW01000092.1|",96.532,173,100,1,172,1100,1272,5.91e-76,285,"GCATGGTGAATCCTCCTTGGAGGGGCTAAATGATCGAGTTTTAAGGGCACGTAGCGAGTTCTGTTTGATCATTGCAGAACTTAGCGGGAGGCGCCATGCGTACATCACTAGTGTTA-TTCCTTTTATCATTTTCCTTGTGAGTTCTGGCTGCGCATTGCGCAGCCTTTTTTTT","GCATGGTGAATCCTCCTTGGAGGGGCTAAATGATCGAGTTTTAAGGGCACGTAGCGAATTCTGTTTGATCATTGCAGAACTTAGCGGGAGGCGCCATGCGTACATCACTAATGTTATTTCCTTCTATCATTTTCCTTGTGAGTTCTGGCTGCGCATGGCGCGGCCTTTTTTTT"
"pasD2","ref|NZ_JHRF01000125.1|",96.532,173,100,1,172,5133,4961,5.91e-76,285,"GCATGGTGAATCCTCCTTGGAGGGGCTAAATGATCGAGTTTTAAGGGCACGTAGCGAGTTCTGTTTGATCATTGCAGAACTTAGCGGGAGGCGCCATGCGTACATCACTAGTGTTATT-CCTTTTATCATTTTCCTTGTGAGTTCTGGCTGCGCATTGCGCAGCCTTTTTTTT","GCATGGTGAATCCTCCTTGGAGGGGCTAAATGATCGAGTTTTAAGGGCACGTAGCGAATTCTGTTTGATCATTGCAGAACTTAGCGGGAGGCGCCATGCGTACATCACTAATGTTATTTCCTTCTATCATTTTCCTTGTGAGTTCTGGCTGCGCATGGCGCGGCCTTTTTTTT"
"pasD2","ref|NZ_JHQV01000073.1|",96.532,173,100,1,172,4927,4755,5.91e-76,285,"GCATGGTGAATCCTCCTTGGAGGGGCTAAATGATCGAGTTTTAAGGGCACGTAGCGAGTTCTGTTTGATCATTGCAGAACTTAGCGGGAGGCGCCATGCGTACATCACTAGTGTTATT-CCTTTTATCATTTTCCTTGTGAGTTCTGGCTGCGCATTGCGCAGCCTTTTTTTT","GCATGGTGAATCCTCCTTGGAGGGGCTAAATGATCGAGTTTTAAGGGCACGTAGCGAATTCTGTTTGATCATTGCAGAACTTAGCGGGAGGCGCCATGCGTACATCACTAATGTTATTTCCTTCTATCATTTTCCTTGTGAGTTCTGGCTGCGCATGGCGCGGCCTTTTTTTT"
