"","qseqid","sseqid","pident","length","qcovs","qstart","qend","sstart","send","evalue","bitscore","qseq","sseq","Description","Classification","Genome Length (bp)","Jumbophage","molGC (%)","Molecule","Modification Date","Number CDS","Positive Strand (%)","Negative Strand (%)","Coding Capacity (%)","Low Coding Capacity Warning","tRNAs","Host","Lowest Taxa","Genus","Sub-family","Family","Order","Class","Phylum","Kingdom","Realm","Baltimore Group","Genbank Division","Isolation Host (beware inconsistent and nonsense values)"
"1","pasA1","FJ184280",100,84,100,1,84,23705,23622,8.23e-37,156,"TGCCATATAGAAGCAACATGTGAAGTACATCTATCCTTTTGAGCCAGCACCTCTCCACCGAAAGTCAGTGCTGGCTGTTTTTTT","TGCCATATAGAAGCAACATGTGAAGTACATCTATCCTTTTGAGCCAGCACCTCTCCACCGAAAGTCAGTGCTGGCTGTTTTTTT","Enterobacteria phage YYZ-2008","Enterobacteria phage YYZ-2008 Pankowvirus YYZ2008 Pankowvirus Caudoviricetes Uroviricota Heunggongvirae Duplodnaviria Viruses",54896,FALSE,51.115,"DNA","14-OCT-2008",76,65.7894736842105,34.2105263157895,85.2411833284757,NA,0,"Enterobacteria","Pankowvirus","Pankowvirus","Unclassified","Unclassified","Unclassified","Caudoviricetes","Uroviricota","Heunggongvirae","Duplodnaviria","Group I","PHG","Unspecified"
"2","pasA1","LC567819",100,84,100,1,84,20111,20028,8.23e-37,156,"TGCCATATAGAAGCAACATGTGAAGTACATCTATCCTTTTGAGCCAGCACCTCTCCACCGAAAGTCAGTGCTGGCTGTTTTTTT","TGCCATATAGAAGCAACATGTGAAGTACATCTATCCTTTTGAGCCAGCACCTCTCCACCGAAAGTCAGTGCTGGCTGTTTTTTT","Stx1a-converting phage Stx1_14040","Stx1a-converting phage Stx1_14040 Caudoviricetes Uroviricota Heunggongvirae Duplodnaviria Viruses",49573,FALSE,51.238,"DNA","08-DEC-2020",65,63.0769230769231,36.9230769230769,88.0580154519597,NA,0,"Unspecified","Unclassified","Unclassified","Unclassified","Unclassified","Unclassified","Caudoviricetes","Uroviricota","Heunggongvirae","Duplodnaviria","Group I","PHG","Unspecified"
"3","pasA1","LC567821",100,84,100,1,84,20112,20029,8.23e-37,156,"TGCCATATAGAAGCAACATGTGAAGTACATCTATCCTTTTGAGCCAGCACCTCTCCACCGAAAGTCAGTGCTGGCTGTTTTTTT","TGCCATATAGAAGCAACATGTGAAGTACATCTATCCTTTTGAGCCAGCACCTCTCCACCGAAAGTCAGTGCTGGCTGTTTTTTT","Stx1a-converting phage Stx1_14744","Stx1a-converting phage Stx1_14744 Caudoviricetes Uroviricota Heunggongvirae Duplodnaviria Viruses",49422,FALSE,51.22,"DNA","08-DEC-2020",65,63.0769230769231,36.9230769230769,88.1570960301081,NA,0,"Unspecified","Unclassified","Unclassified","Unclassified","Unclassified","Unclassified","Caudoviricetes","Uroviricota","Heunggongvirae","Duplodnaviria","Group I","PHG","Unspecified"
"4","pasA1","LC567823",100,84,100,1,84,20105,20022,8.23e-37,156,"TGCCATATAGAAGCAACATGTGAAGTACATCTATCCTTTTGAGCCAGCACCTCTCCACCGAAAGTCAGTGCTGGCTGTTTTTTT","TGCCATATAGAAGCAACATGTGAAGTACATCTATCCTTTTGAGCCAGCACCTCTCCACCGAAAGTCAGTGCTGGCTGTTTTTTT","Stx1a-converting phage Stx1_132418","Stx1a-converting phage Stx1_132418 Caudoviricetes Uroviricota Heunggongvirae Duplodnaviria Viruses",49399,FALSE,51.26,"DNA","08-DEC-2020",66,63.6363636363636,36.3636363636364,88.4957185368125,NA,0,"Unspecified","Unclassified","Unclassified","Unclassified","Unclassified","Unclassified","Caudoviricetes","Uroviricota","Heunggongvirae","Duplodnaviria","Group I","PHG","Unspecified"
"5","pasA1","LC567825",100,84,100,1,84,20105,20022,8.23e-37,156,"TGCCATATAGAAGCAACATGTGAAGTACATCTATCCTTTTGAGCCAGCACCTCTCCACCGAAAGTCAGTGCTGGCTGTTTTTTT","TGCCATATAGAAGCAACATGTGAAGTACATCTATCCTTTTGAGCCAGCACCTCTCCACCGAAAGTCAGTGCTGGCTGTTTTTTT","Stx1a-converting phage Stx1_499","Stx1a-converting phage Stx1_499 Caudoviricetes Uroviricota Heunggongvirae Duplodnaviria Viruses",49243,FALSE,51.23,"DNA","08-DEC-2020",66,63.6363636363636,36.3636363636364,88.4470889263449,NA,0,"Unspecified","Unclassified","Unclassified","Unclassified","Unclassified","Unclassified","Caudoviricetes","Uroviricota","Heunggongvirae","Duplodnaviria","Group I","PHG","Unspecified"
"6","pasA1","LC567827",100,84,100,1,84,20105,20022,8.23e-37,156,"TGCCATATAGAAGCAACATGTGAAGTACATCTATCCTTTTGAGCCAGCACCTCTCCACCGAAAGTCAGTGCTGGCTGTTTTTTT","TGCCATATAGAAGCAACATGTGAAGTACATCTATCCTTTTGAGCCAGCACCTCTCCACCGAAAGTCAGTGCTGGCTGTTTTTTT","Stx1a-converting phage Stx1_699","Stx1a-converting phage Stx1_699 Caudoviricetes Uroviricota Heunggongvirae Duplodnaviria Viruses",49396,FALSE,51.205,"DNA","08-DEC-2020",66,63.6363636363636,36.3636363636364,88.4828731071342,NA,0,"Unspecified","Unclassified","Unclassified","Unclassified","Unclassified","Unclassified","Caudoviricetes","Uroviricota","Heunggongvirae","Duplodnaviria","Group I","PHG","Unspecified"
"7","pasA1","LC567831",100,84,100,1,84,21554,21471,8.23e-37,156,"TGCCATATAGAAGCAACATGTGAAGTACATCTATCCTTTTGAGCCAGCACCTCTCCACCGAAAGTCAGTGCTGGCTGTTTTTTT","TGCCATATAGAAGCAACATGTGAAGTACATCTATCCTTTTGAGCCAGCACCTCTCCACCGAAAGTCAGTGCTGGCTGTTTTTTT","Stx1a-converting phage Stx1_EH1995","Stx1a-converting phage Stx1_EH1995 Caudoviricetes Uroviricota Heunggongvirae Duplodnaviria Viruses",49937,FALSE,51.499,"DNA","08-DEC-2020",67,64.1791044776119,35.8208955223881,89.0201654084146,NA,0,"Unspecified","Unclassified","Unclassified","Unclassified","Unclassified","Unclassified","Caudoviricetes","Uroviricota","Heunggongvirae","Duplodnaviria","Group I","PHG","Unspecified"
"8","pasA1","LC567833",100,84,100,1,84,21552,21469,8.23e-37,156,"TGCCATATAGAAGCAACATGTGAAGTACATCTATCCTTTTGAGCCAGCACCTCTCCACCGAAAGTCAGTGCTGGCTGTTTTTTT","TGCCATATAGAAGCAACATGTGAAGTACATCTATCCTTTTGAGCCAGCACCTCTCCACCGAAAGTCAGTGCTGGCTGTTTTTTT","Stx1a-converting phage Stx1_EH1992","Stx1a-converting phage Stx1_EH1992 Caudoviricetes Uroviricota Heunggongvirae Duplodnaviria Viruses",49929,FALSE,51.503,"DNA","08-DEC-2020",67,64.1791044776119,35.8208955223881,89.0344288890224,NA,0,"Unspecified","Unclassified","Unclassified","Unclassified","Unclassified","Unclassified","Caudoviricetes","Uroviricota","Heunggongvirae","Duplodnaviria","Group I","PHG","Unspecified"
"9","pasA1","OL657226",100,84,100,1,84,45539,45456,8.23e-37,156,"TGCCATATAGAAGCAACATGTGAAGTACATCTATCCTTTTGAGCCAGCACCTCTCCACCGAAAGTCAGTGCTGGCTGTTTTTTT","TGCCATATAGAAGCAACATGTGAAGTACATCTATCCTTTTGAGCCAGCACCTCTCCACCGAAAGTCAGTGCTGGCTGTTTTTTT","Escherichia phage 434","Escherichia phage 434 Alegriavirus Caudoviricetes Uroviricota Heunggongvirae Duplodnaviria Viruses",47993,FALSE,50.199,"DNA","09-MAR-2022",60,70,30,85.0561540224616,NA,0,"Escherichia","Alegriavirus","Alegriavirus","Unclassified","Unclassified","Unclassified","Caudoviricetes","Uroviricota","Heunggongvirae","Duplodnaviria","Group I","PHG","Escherichia coli"
"10","pasA1","LC727891",100,84,100,1,84,26019,25936,8.23e-37,156,"TGCCATATAGAAGCAACATGTGAAGTACATCTATCCTTTTGAGCCAGCACCTCTCCACCGAAAGTCAGTGCTGGCTGTTTTTTT","TGCCATATAGAAGCAACATGTGAAGTACATCTATCCTTTTGAGCCAGCACCTCTCCACCGAAAGTCAGTGCTGGCTGTTTTTTT","Stx1a-converting phage Stx1_JNE122398","Stx1a-converting phage Stx1_JNE122398 Caudoviricetes Uroviricota Heunggongvirae Duplodnaviria Viruses",54143,FALSE,50.535,"DNA","10-SEP-2022",72,66.6666666666667,33.3333333333333,84.9915963282419,NA,0,"Unspecified","Unclassified","Unclassified","Unclassified","Unclassified","Unclassified","Caudoviricetes","Uroviricota","Heunggongvirae","Duplodnaviria","Group I","PHG","Unspecified"
"11","pasA1","LC727892",100,84,100,1,84,26061,25978,8.23e-37,156,"TGCCATATAGAAGCAACATGTGAAGTACATCTATCCTTTTGAGCCAGCACCTCTCCACCGAAAGTCAGTGCTGGCTGTTTTTTT","TGCCATATAGAAGCAACATGTGAAGTACATCTATCCTTTTGAGCCAGCACCTCTCCACCGAAAGTCAGTGCTGGCTGTTTTTTT","Stx1a-converting phage Stx1_JNE121849","Stx1a-converting phage Stx1_JNE121849 Caudoviricetes Uroviricota Heunggongvirae Duplodnaviria Viruses",54180,FALSE,50.515,"DNA","10-SEP-2022",72,66.6666666666667,33.3333333333333,84.7286821705426,NA,0,"Unspecified","Unclassified","Unclassified","Unclassified","Unclassified","Unclassified","Caudoviricetes","Uroviricota","Heunggongvirae","Duplodnaviria","Group I","PHG","Unspecified"
"12","pasA1","LC727893",100,84,100,1,84,25840,25757,8.23e-37,156,"TGCCATATAGAAGCAACATGTGAAGTACATCTATCCTTTTGAGCCAGCACCTCTCCACCGAAAGTCAGTGCTGGCTGTTTTTTT","TGCCATATAGAAGCAACATGTGAAGTACATCTATCCTTTTGAGCCAGCACCTCTCCACCGAAAGTCAGTGCTGGCTGTTTTTTT","Stx1a-converting phage Stx1_JNE130812","Stx1a-converting phage Stx1_JNE130812 Caudoviricetes Uroviricota Heunggongvirae Duplodnaviria Viruses",53979,FALSE,50.499,"DNA","10-SEP-2022",71,67.6056338028169,32.3943661971831,84.7273939865503,NA,0,"Unspecified","Unclassified","Unclassified","Unclassified","Unclassified","Unclassified","Caudoviricetes","Uroviricota","Heunggongvirae","Duplodnaviria","Group I","PHG","Unspecified"
"13","pasA1","LC727894",100,84,100,1,84,25870,25787,8.23e-37,156,"TGCCATATAGAAGCAACATGTGAAGTACATCTATCCTTTTGAGCCAGCACCTCTCCACCGAAAGTCAGTGCTGGCTGTTTTTTT","TGCCATATAGAAGCAACATGTGAAGTACATCTATCCTTTTGAGCCAGCACCTCTCCACCGAAAGTCAGTGCTGGCTGTTTTTTT","Stx1a-converting phage Stx1_JNE122536","Stx1a-converting phage Stx1_JNE122536 Caudoviricetes Uroviricota Heunggongvirae Duplodnaviria Viruses",54006,FALSE,50.5,"DNA","10-SEP-2022",71,67.6056338028169,32.3943661971831,84.6850349961115,NA,0,"Unspecified","Unclassified","Unclassified","Unclassified","Unclassified","Unclassified","Caudoviricetes","Uroviricota","Heunggongvirae","Duplodnaviria","Group I","PHG","Unspecified"
"14","pasA1","LC727895",100,84,100,1,84,65420,65337,8.23e-37,156,"TGCCATATAGAAGCAACATGTGAAGTACATCTATCCTTTTGAGCCAGCACCTCTCCACCGAAAGTCAGTGCTGGCTGTTTTTTT","TGCCATATAGAAGCAACATGTGAAGTACATCTATCCTTTTGAGCCAGCACCTCTCCACCGAAAGTCAGTGCTGGCTGTTTTTTT","Stx1a-converting phage Stx1_JNE122137","Stx1a-converting phage Stx1_JNE122137 Caudoviricetes Uroviricota Heunggongvirae Duplodnaviria Viruses",93555,FALSE,51.602,"DNA","10-SEP-2022",125,78.4,21.6,87.670354337021,NA,0,"Unspecified","Unclassified","Unclassified","Unclassified","Unclassified","Unclassified","Caudoviricetes","Uroviricota","Heunggongvirae","Duplodnaviria","Group I","PHG","Unspecified"
"15","pasA1","LC727896",100,84,100,1,84,27332,27249,8.23e-37,156,"TGCCATATAGAAGCAACATGTGAAGTACATCTATCCTTTTGAGCCAGCACCTCTCCACCGAAAGTCAGTGCTGGCTGTTTTTTT","TGCCATATAGAAGCAACATGTGAAGTACATCTATCCTTTTGAGCCAGCACCTCTCCACCGAAAGTCAGTGCTGGCTGTTTTTTT","Stx1a-converting phage Stx1_JNE112618","Stx1a-converting phage Stx1_JNE112618 Caudoviricetes Uroviricota Heunggongvirae Duplodnaviria Viruses",55466,FALSE,50.615,"DNA","10-SEP-2022",75,65.3333333333333,34.6666666666667,84.7546244546209,NA,0,"Unspecified","Unclassified","Unclassified","Unclassified","Unclassified","Unclassified","Caudoviricetes","Uroviricota","Heunggongvirae","Duplodnaviria","Group I","PHG","Unspecified"
"16","pasA1","LC727897",100,84,100,1,84,27231,27148,8.23e-37,156,"TGCCATATAGAAGCAACATGTGAAGTACATCTATCCTTTTGAGCCAGCACCTCTCCACCGAAAGTCAGTGCTGGCTGTTTTTTT","TGCCATATAGAAGCAACATGTGAAGTACATCTATCCTTTTGAGCCAGCACCTCTCCACCGAAAGTCAGTGCTGGCTGTTTTTTT","Stx1a-converting phage Stx1_JNE092371","Stx1a-converting phage Stx1_JNE092371 Caudoviricetes Uroviricota Heunggongvirae Duplodnaviria Viruses",55304,FALSE,50.595,"DNA","10-SEP-2022",74,66.2162162162162,33.7837837837838,84.6936930420946,NA,0,"Unspecified","Unclassified","Unclassified","Unclassified","Unclassified","Unclassified","Caudoviricetes","Uroviricota","Heunggongvirae","Duplodnaviria","Group I","PHG","Unspecified"
"17","pasA1","LC727898",100,84,100,1,84,27354,27271,8.23e-37,156,"TGCCATATAGAAGCAACATGTGAAGTACATCTATCCTTTTGAGCCAGCACCTCTCCACCGAAAGTCAGTGCTGGCTGTTTTTTT","TGCCATATAGAAGCAACATGTGAAGTACATCTATCCTTTTGAGCCAGCACCTCTCCACCGAAAGTCAGTGCTGGCTGTTTTTTT","Stx1a-converting phage Stx1_JNE102772","Stx1a-converting phage Stx1_JNE102772 Caudoviricetes Uroviricota Heunggongvirae Duplodnaviria Viruses",55498,FALSE,50.607,"DNA","10-SEP-2022",75,65.3333333333333,34.6666666666667,84.7057551623482,NA,0,"Unspecified","Unclassified","Unclassified","Unclassified","Unclassified","Unclassified","Caudoviricetes","Uroviricota","Heunggongvirae","Duplodnaviria","Group I","PHG","Unspecified"
"18","pasA1","LC727899",100,84,100,1,84,27392,27309,8.23e-37,156,"TGCCATATAGAAGCAACATGTGAAGTACATCTATCCTTTTGAGCCAGCACCTCTCCACCGAAAGTCAGTGCTGGCTGTTTTTTT","TGCCATATAGAAGCAACATGTGAAGTACATCTATCCTTTTGAGCCAGCACCTCTCCACCGAAAGTCAGTGCTGGCTGTTTTTTT","Stx1a-converting phage Stx1_JNE111036","Stx1a-converting phage Stx1_JNE111036 Caudoviricetes Uroviricota Heunggongvirae Duplodnaviria Viruses",55610,FALSE,50.615,"DNA","10-SEP-2022",75,66.6666666666667,33.3333333333333,84.6916022298148,NA,0,"Unspecified","Unclassified","Unclassified","Unclassified","Unclassified","Unclassified","Caudoviricetes","Uroviricota","Heunggongvirae","Duplodnaviria","Group I","PHG","Unspecified"
"19","pasA1","LC727900",100,84,100,1,84,25964,25881,8.23e-37,156,"TGCCATATAGAAGCAACATGTGAAGTACATCTATCCTTTTGAGCCAGCACCTCTCCACCGAAAGTCAGTGCTGGCTGTTTTTTT","TGCCATATAGAAGCAACATGTGAAGTACATCTATCCTTTTGAGCCAGCACCTCTCCACCGAAAGTCAGTGCTGGCTGTTTTTTT","Stx1a-converting phage Stx1_JNE071577","Stx1a-converting phage Stx1_JNE071577 Caudoviricetes Uroviricota Heunggongvirae Duplodnaviria Viruses",54098,FALSE,50.525,"DNA","10-SEP-2022",71,67.6056338028169,32.3943661971831,84.5410181522422,NA,0,"Unspecified","Unclassified","Unclassified","Unclassified","Unclassified","Unclassified","Caudoviricetes","Uroviricota","Heunggongvirae","Duplodnaviria","Group I","PHG","Unspecified"
"20","pasA1","LC727901",100,84,100,1,84,26078,25995,8.23e-37,156,"TGCCATATAGAAGCAACATGTGAAGTACATCTATCCTTTTGAGCCAGCACCTCTCCACCGAAAGTCAGTGCTGGCTGTTTTTTT","TGCCATATAGAAGCAACATGTGAAGTACATCTATCCTTTTGAGCCAGCACCTCTCCACCGAAAGTCAGTGCTGGCTGTTTTTTT","Stx1a-converting phage Stx1_2499","Stx1a-converting phage Stx1_2499 Caudoviricetes Uroviricota Heunggongvirae Duplodnaviria Viruses",54217,FALSE,50.525,"DNA","10-SEP-2022",72,68.0555555555556,31.9444444444444,84.8313259678699,NA,0,"Unspecified","Unclassified","Unclassified","Unclassified","Unclassified","Unclassified","Caudoviricetes","Uroviricota","Heunggongvirae","Duplodnaviria","Group I","PHG","Unspecified"
"21","pasA1","LC727902",100,84,100,1,84,26077,25994,8.23e-37,156,"TGCCATATAGAAGCAACATGTGAAGTACATCTATCCTTTTGAGCCAGCACCTCTCCACCGAAAGTCAGTGCTGGCTGTTTTTTT","TGCCATATAGAAGCAACATGTGAAGTACATCTATCCTTTTGAGCCAGCACCTCTCCACCGAAAGTCAGTGCTGGCTGTTTTTTT","Stx1a-converting phage Stx1_JNE090861","Stx1a-converting phage Stx1_JNE090861 Caudoviricetes Uroviricota Heunggongvirae Duplodnaviria Viruses",54147,FALSE,50.52,"DNA","10-SEP-2022",72,68.0555555555556,31.9444444444444,84.8080226051305,NA,0,"Unspecified","Unclassified","Unclassified","Unclassified","Unclassified","Unclassified","Caudoviricetes","Uroviricota","Heunggongvirae","Duplodnaviria","Group I","PHG","Unspecified"
"22","pasA1","LC744178",100,84,100,1,84,23314,23231,8.23e-37,156,"TGCCATATAGAAGCAACATGTGAAGTACATCTATCCTTTTGAGCCAGCACCTCTCCACCGAAAGTCAGTGCTGGCTGTTTTTTT","TGCCATATAGAAGCAACATGTGAAGTACATCTATCCTTTTGAGCCAGCACCTCTCCACCGAAAGTCAGTGCTGGCTGTTTTTTT","Stx1a-converting phage Stx1a_10051","Stx1a-converting phage Stx1a_10051 Caudoviricetes Uroviricota Heunggongvirae Duplodnaviria Viruses",53925,FALSE,50.711,"DNA","22-DEC-2022",74,67.5675675675676,32.4324324324324,85.3685674547983,NA,0,"Unspecified","Unclassified","Unclassified","Unclassified","Unclassified","Unclassified","Caudoviricetes","Uroviricota","Heunggongvirae","Duplodnaviria","Group I","PHG","Unspecified"
"23","pasA1","LC744180",98.81,84,100,1,84,22744,22661,3.83e-35,150,"TGCCATATAGAAGCAACATGTGAAGTACATCTATCCTTTTGAGCCAGCACCTCTCCACCGAAAGTCAGTGCTGGCTGTTTTTTT","TGCCATATAGAAGCAACATGTGAAGTACATCTATCCTTTTGAGCCAGCACCTCTCCACCAAAAGTCAGTGCTGGCTGTTTTTTT","Stx1a-converting phage Stx1a_EH2115","Stx1a-converting phage Stx1a_EH2115 Caudoviricetes Uroviricota Heunggongvirae Duplodnaviria Viruses",36886,FALSE,47.362,"DNA","22-DEC-2022",59,57.6271186440678,42.3728813559322,81.6081982323917,NA,0,"Unspecified","Unclassified","Unclassified","Unclassified","Unclassified","Unclassified","Caudoviricetes","Uroviricota","Heunggongvirae","Duplodnaviria","Group I","PHG","Unspecified"
"24","pasA2","LC744179",100,84,100,1,84,22109,22026,8.23e-37,156,"CGCCAGGCATAAGTATCATGTGAAATCCAACTATCCTTCTGAGCCAGCACCTCTCCACCGAAAGTCAGTGCTGGCTGTTTTTTT","CGCCAGGCATAAGTATCATGTGAAATCCAACTATCCTTCTGAGCCAGCACCTCTCCACCGAAAGTCAGTGCTGGCTGTTTTTTT","Stx1a-converting phage Stx1a_11KH263","Stx1a-converting phage Stx1a_11KH263 Caudoviricetes Uroviricota Heunggongvirae Duplodnaviria Viruses",51464,FALSE,50.552,"DNA","22-DEC-2022",73,67.1232876712329,32.8767123287671,86.4371210943572,NA,0,"Unspecified","Unclassified","Unclassified","Unclassified","Unclassified","Unclassified","Caudoviricetes","Uroviricota","Heunggongvirae","Duplodnaviria","Group I","PHG","Unspecified"
"25","pasB","CP025907",100,83,100,1,83,11872,11790,2.91e-36,154,"TGCCCGAGTAACAAAAACAACTCCTTCACATTGATCTTCATTTGTCTGTCCCCGCAGCTCCGCGATCACTGCGGGATTTTTTT","TGCCCGAGTAACAAAAACAACTCCTTCACATTGATCTTCATTTGTCTGTCCCCGCAGCTCCGCGATCACTGCGGGATTTTTTT","Escherichia phage 204576","Escherichia phage 204576 Caudoviricetes Uroviricota Heunggongvirae Duplodnaviria Viruses",31521,FALSE,52.378,"DNA","02-NOV-2020",47,82.9787234042553,17.0212765957447,77.4436090225564,NA,0,"Escherichia","Unclassified","Unclassified","Unclassified","Unclassified","Unclassified","Caudoviricetes","Uroviricota","Heunggongvirae","Duplodnaviria","Group I","PHG","Escherichia coli 204576"
"26","pasB","LC567818",98.795,83,100,1,83,33145,33063,1.35e-34,148,"TGCCCGAGTAACAAAAACAACTCCTTCACATTGATCTTCATTTGTCTGTCCCCGCAGCTCCGCGATCACTGCGGGATTTTTTT","TGCCCGAGTAACAAAAACAACTCCTTAACATTGATCTTCATTTGTCTGTCCCCGCAGCTCCGCGATCACTGCGGGATTTTTTT","Stx2a-converting phage Stx2_14040","Stx2a-converting phage Stx2_14040 Caudoviricetes Uroviricota Heunggongvirae Duplodnaviria Viruses",89855,FALSE,51.691,"DNA","08-DEC-2020",104,75.9615384615385,24.0384615384615,84.1333259139725,NA,6,"Unspecified","Unclassified","Unclassified","Unclassified","Unclassified","Unclassified","Caudoviricetes","Uroviricota","Heunggongvirae","Duplodnaviria","Group I","PHG","Unspecified"
"27","pasB","LC567820",98.795,83,100,1,83,33137,33055,1.35e-34,148,"TGCCCGAGTAACAAAAACAACTCCTTCACATTGATCTTCATTTGTCTGTCCCCGCAGCTCCGCGATCACTGCGGGATTTTTTT","TGCCCGAGTAACAAAAACAACTCCTTAACATTGATCTTCATTTGTCTGTCCCCGCAGCTCCGCGATCACTGCGGGATTTTTTT","Stx2a-converting phage Stx2_14744","Stx2a-converting phage Stx2_14744 Caudoviricetes Uroviricota Heunggongvirae Duplodnaviria Viruses",89850,FALSE,51.683,"DNA","08-DEC-2020",104,75.9615384615385,24.0384615384615,84.1380077907624,NA,6,"Unspecified","Unclassified","Unclassified","Unclassified","Unclassified","Unclassified","Caudoviricetes","Uroviricota","Heunggongvirae","Duplodnaviria","Group I","PHG","Unspecified"
"28","pasB","LC567822",98.795,83,100,1,83,33138,33056,1.35e-34,148,"TGCCCGAGTAACAAAAACAACTCCTTCACATTGATCTTCATTTGTCTGTCCCCGCAGCTCCGCGATCACTGCGGGATTTTTTT","TGCCCGAGTAACAAAAACAACTCCTTAACATTGATCTTCATTTGTCTGTCCCCGCAGCTCCGCGATCACTGCGGGATTTTTTT","Enterobacteria phage PPompW_132418","Enterobacteria phage PPompW_132418 Caudoviricetes Uroviricota Heunggongvirae Duplodnaviria Viruses",44350,FALSE,51.236,"DNA","08-DEC-2020",50,74,26,79.6211950394589,NA,3,"Enterobacteria","Unclassified","Unclassified","Unclassified","Unclassified","Unclassified","Caudoviricetes","Uroviricota","Heunggongvirae","Duplodnaviria","Group I","PHG","Unspecified"
"29","pasB","LC567824",98.795,83,100,1,83,33293,33211,1.35e-34,148,"TGCCCGAGTAACAAAAACAACTCCTTCACATTGATCTTCATTTGTCTGTCCCCGCAGCTCCGCGATCACTGCGGGATTTTTTT","TGCCCGAGTAACAAAAACAACTCCTTAACATTGATCTTCATTTGTCTGTCCCCGCAGCTCCGCGATCACTGCGGGATTTTTTT","Stx2a-converting phage Stx2_499","Stx2a-converting phage Stx2_499 Caudoviricetes Uroviricota Heunggongvirae Duplodnaviria Viruses",93786,FALSE,51.757,"DNA","08-DEC-2020",111,74.7747747747748,25.2252252252252,84.6565585481842,NA,6,"Unspecified","Unclassified","Unclassified","Unclassified","Unclassified","Unclassified","Caudoviricetes","Uroviricota","Heunggongvirae","Duplodnaviria","Group I","PHG","Unspecified"
"30","pasB","LC567826",98.795,83,100,1,83,33137,33055,1.35e-34,148,"TGCCCGAGTAACAAAAACAACTCCTTCACATTGATCTTCATTTGTCTGTCCCCGCAGCTCCGCGATCACTGCGGGATTTTTTT","TGCCCGAGTAACAAAAACAACTCCTTAACATTGATCTTCATTTGTCTGTCCCCGCAGCTCCGCGATCACTGCGGGATTTTTTT","Enterobacteria phage PPompW_699","Enterobacteria phage PPompW_699 Caudoviricetes Uroviricota Heunggongvirae Duplodnaviria Viruses",44349,FALSE,51.235,"DNA","08-DEC-2020",49,73.469387755102,26.530612244898,79.4876998353965,NA,3,"Enterobacteria","Unclassified","Unclassified","Unclassified","Unclassified","Unclassified","Caudoviricetes","Uroviricota","Heunggongvirae","Duplodnaviria","Group I","PHG","Unspecified"
"31","pasB","LC567828",98.795,83,100,1,83,34615,34533,1.35e-34,148,"TGCCCGAGTAACAAAAACAACTCCTTCACATTGATCTTCATTTGTCTGTCCCCGCAGCTCCGCGATCACTGCGGGATTTTTTT","TGCCCGAGTAACAAAAACAACTCCTTAACATTGATCTTCATTTGTCTGTCCCCGCAGCTCCGCGATCACTGCGGGATTTTTTT","Enterobacteria phage PPompW_EH2201","Enterobacteria phage PPompW_EH2201 Caudoviricetes Uroviricota Heunggongvirae Duplodnaviria Viruses",45811,FALSE,51.322,"DNA","08-DEC-2020",51,74.5098039215686,25.4901960784314,79.3412062605051,NA,3,"Enterobacteria","Unclassified","Unclassified","Unclassified","Unclassified","Unclassified","Caudoviricetes","Uroviricota","Heunggongvirae","Duplodnaviria","Group I","PHG","Unspecified"
"32","pasB","LC567832",98.795,83,100,1,83,33284,33202,1.35e-34,148,"TGCCCGAGTAACAAAAACAACTCCTTCACATTGATCTTCATTTGTCTGTCCCCGCAGCTCCGCGATCACTGCGGGATTTTTTT","TGCCCGAGTAACAAAAACAACTCCTTAACATTGATCTTCATTTGTCTGTCCCCGCAGCTCCGCGATCACTGCGGGATTTTTTT","Enterobacteria phage PPompW_EH1992","Enterobacteria phage PPompW_EH1992 Caudoviricetes Uroviricota Heunggongvirae Duplodnaviria Viruses",44479,FALSE,51.278,"DNA","08-DEC-2020",49,73.469387755102,26.530612244898,79.1946761393017,NA,3,"Enterobacteria","Unclassified","Unclassified","Unclassified","Unclassified","Unclassified","Caudoviricetes","Uroviricota","Heunggongvirae","Duplodnaviria","Group I","PHG","Unspecified"
"33","pasB","LC567836",98.795,83,100,1,83,33302,33220,1.35e-34,148,"TGCCCGAGTAACAAAAACAACTCCTTCACATTGATCTTCATTTGTCTGTCCCCGCAGCTCCGCGATCACTGCGGGATTTTTTT","TGCCCGAGTAACAAAAACAACTCCTTAACATTGATCTTCATTTGTCTGTCCCCGCAGCTCCGCGATCACTGCGGGATTTTTTT","Enterobacteria phage PPompW_EH2246","Enterobacteria phage PPompW_EH2246 Caudoviricetes Uroviricota Heunggongvirae Duplodnaviria Viruses",43789,FALSE,51.659,"DNA","08-DEC-2020",49,73.469387755102,26.530612244898,80.0589189065747,NA,3,"Enterobacteria","Unclassified","Unclassified","Unclassified","Unclassified","Unclassified","Caudoviricetes","Uroviricota","Heunggongvirae","Duplodnaviria","Group I","PHG","Unspecified"
"34","pasB","LC567839",98.795,83,100,1,83,33264,33182,1.35e-34,148,"TGCCCGAGTAACAAAAACAACTCCTTCACATTGATCTTCATTTGTCTGTCCCCGCAGCTCCGCGATCACTGCGGGATTTTTTT","TGCCCGAGTAACAAAAACAACTCCTTAACATTGATCTTCATTTGTCTGTCCCCGCAGCTCCGCGATCACTGCGGGATTTTTTT","Enterobacteria phage PPompW_EH1846","Enterobacteria phage PPompW_EH1846 Caudoviricetes Uroviricota Heunggongvirae Duplodnaviria Viruses",44438,FALSE,51.229,"DNA","08-DEC-2020",49,73.469387755102,26.530612244898,79.3285026328818,NA,3,"Enterobacteria","Unclassified","Unclassified","Unclassified","Unclassified","Unclassified","Caudoviricetes","Uroviricota","Heunggongvirae","Duplodnaviria","Group I","PHG","Unspecified"
"35","pasB","LC567841",98.795,83,100,1,83,33293,33211,1.35e-34,148,"TGCCCGAGTAACAAAAACAACTCCTTCACATTGATCTTCATTTGTCTGTCCCCGCAGCTCCGCGATCACTGCGGGATTTTTTT","TGCCCGAGTAACAAAAACAACTCCTTAACATTGATCTTCATTTGTCTGTCCCCGCAGCTCCGCGATCACTGCGGGATTTTTTT","Stx2a-converting phage Stx2_12E129_PPompW","Stx2a-converting phage Stx2_12E129_PPompW Caudoviricetes Uroviricota Heunggongvirae Duplodnaviria Viruses",90031,FALSE,51.581,"DNA","08-DEC-2020",105,76.1904761904762,23.8095238095238,84.1921116060024,NA,6,"Unspecified","Unclassified","Unclassified","Unclassified","Unclassified","Unclassified","Caudoviricetes","Uroviricota","Heunggongvirae","Duplodnaviria","Group I","PHG","Unspecified"
"36","pasB","ON470597",98.795,83,100,1,83,18476,18394,1.35e-34,148,"TGCCCGAGTAACAAAAACAACTCCTTCACATTGATCTTCATTTGTCTGTCCCCGCAGCTCCGCGATCACTGCGGGATTTTTTT","TGCCCGAGTAACAAAAACAACTCCTTAACATTGATCTTCATTTGTCTGTCCCCGCAGCTCCGCGATCACTGCGGGATTTTTTT","Escherichia phage vB_EcoS-569R3","Escherichia phage vB_EcoS-569R3 Caudoviricetes Uroviricota Heunggongvirae Duplodnaviria Viruses",21562,FALSE,56.382,"DNA","24-MAY-2022",24,87.5,12.5,77.2377330488823,NA,0,"Escherichia","Unclassified","Unclassified","Unclassified","Unclassified","Unclassified","Caudoviricetes","Uroviricota","Heunggongvirae","Duplodnaviria","Group I","PHG","Escherichia coli"
"37","pasB","ON416862",98.795,83,100,1,83,8386,8468,1.35e-34,148,"TGCCCGAGTAACAAAAACAACTCCTTCACATTGATCTTCATTTGTCTGTCCCCGCAGCTCCGCGATCACTGCGGGATTTTTTT","TGCCCGAGTAACAAAAACAACTCCTTAACATTGATCTTCATTTGTCTGTCCCCGCAGCTCCGCGATCACTGCGGGATTTTTTT","Escherichia phage ASU11","Escherichia phage ASU11 Caudoviricetes Uroviricota Heunggongvirae Duplodnaviria Viruses",44227,FALSE,52.034,"DNA","22-JUN-2022",57,22.8070175438596,77.1929824561403,89.7732154566215,NA,3,"Escherichia","Unclassified","Unclassified","Unclassified","Unclassified","Unclassified","Caudoviricetes","Uroviricota","Heunggongvirae","Duplodnaviria","Group I","PHG","Escherichia coli O80:H2"
"38","pasB","ON470626",98.795,83,100,1,83,19890,19808,1.35e-34,148,"TGCCCGAGTAACAAAAACAACTCCTTCACATTGATCTTCATTTGTCTGTCCCCGCAGCTCCGCGATCACTGCGGGATTTTTTT","TGCCCGAGTAACAAAAACAACTCCTTAACATTGATCTTCATTTGTCTGTCCCCGCAGCTCCGCGATCACTGCGGGATTTTTTT","Escherichia phage vB_EcoS-783R2","Escherichia phage vB_EcoS-783R2 Caudoviricetes Uroviricota Heunggongvirae Duplodnaviria Viruses",24129,FALSE,55.924,"DNA","01-DEC-2022",27,92.5925925925926,7.40740740740741,89.5437025985329,NA,0,"Escherichia","Unclassified","Unclassified","Unclassified","Unclassified","Unclassified","Caudoviricetes","Uroviricota","Heunggongvirae","Duplodnaviria","Group I","PHG","Escherichia coli"
"39","pasC","LR595859",97.468,79,100,1,78,46151,46073,3.46e-30,134,"CTGCCAAGTATAAGTATCATGTGAAGTACATCTACCCGTTTTAGCCAGCGTCCTTCAGAGTGGGCGCTGGCT-TTTTTT","CTGCCAAGTATAAGTATCATGTGAAGTACATCTACCCGTTTTAGCCAGCGTCCTTCAGAGTGGGCGCTGGCCCTTTTTT","Escherichia phage 2B8","Escherichia phage 2B8 Alegriavirus av2B8 Alegriavirus Caudoviricetes Uroviricota Heunggongvirae Duplodnaviria Viruses",48763,FALSE,50.188,"DNA","15-FEB-2020",62,75.8064516129032,24.1935483870968,84.500543444825,NA,0,"Escherichia","Alegriavirus","Alegriavirus","Unclassified","Unclassified","Unclassified","Caudoviricetes","Uroviricota","Heunggongvirae","Duplodnaviria","Group I","PHG","Unspecified"
"40","pasD1","LR595859",98.844,173,100,1,173,43836,44007,5.41e-82,307,"GCATGGTGAATCCTCCTTGGAGGGGCTAAATGATCGAGTTTTAAGGGCACGTAGCGAGTTCTGTTTGATCATTGCAGAACTTAGCGGGAGGCGCCATGCGTACATCACTAATGTTATTTCCTTCTATCATTTTCCTTGTGAGTTCTGGCTGCGCATGGCGCGGCCTTTTTTTT","GCATGGTGAATCCTCCTTGGAGGGGCTAAATGATCGAGTTTTAAGGGCACGTAGCGAGTTCTGTTTGATCATTGCAGAACTTAGCGGGAGGCGCTATGCGTACATCACTAATGTTA-TTCCTTCTATCATTTTCCTTGTGAGTTCTGGCTGCGCATGGCGCGGCCTTTTTTTT","Escherichia phage 2B8","Escherichia phage 2B8 Alegriavirus av2B8 Alegriavirus Caudoviricetes Uroviricota Heunggongvirae Duplodnaviria Viruses",48763,FALSE,50.188,"DNA","15-FEB-2020",62,75.8064516129032,24.1935483870968,84.500543444825,NA,0,"Escherichia","Alegriavirus","Alegriavirus","Unclassified","Unclassified","Unclassified","Caudoviricetes","Uroviricota","Heunggongvirae","Duplodnaviria","Group I","PHG","Unspecified"
"41","pasD2","OL657226",100,172,100,1,172,43198,43369,2.48e-85,318,"GCATGGTGAATCCTCCTTGGAGGGGCTAAATGATCGAGTTTTAAGGGCACGTAGCGAGTTCTGTTTGATCATTGCAGAACTTAGCGGGAGGCGCCATGCGTACATCACTAGTGTTATTCCTTTTATCATTTTCCTTGTGAGTTCTGGCTGCGCATTGCGCAGCCTTTTTTTT","GCATGGTGAATCCTCCTTGGAGGGGCTAAATGATCGAGTTTTAAGGGCACGTAGCGAGTTCTGTTTGATCATTGCAGAACTTAGCGGGAGGCGCCATGCGTACATCACTAGTGTTATTCCTTTTATCATTTTCCTTGTGAGTTCTGGCTGCGCATTGCGCAGCCTTTTTTTT","Escherichia phage 434","Escherichia phage 434 Alegriavirus Caudoviricetes Uroviricota Heunggongvirae Duplodnaviria Viruses",47993,FALSE,50.199,"DNA","09-MAR-2022",60,70,30,85.0561540224616,NA,0,"Escherichia","Alegriavirus","Alegriavirus","Unclassified","Unclassified","Unclassified","Caudoviricetes","Uroviricota","Heunggongvirae","Duplodnaviria","Group I","PHG","Escherichia coli"
"42","pasD2","LR595859",97.093,172,100,1,172,43836,44007,5.41e-77,291,"GCATGGTGAATCCTCCTTGGAGGGGCTAAATGATCGAGTTTTAAGGGCACGTAGCGAGTTCTGTTTGATCATTGCAGAACTTAGCGGGAGGCGCCATGCGTACATCACTAGTGTTATTCCTTTTATCATTTTCCTTGTGAGTTCTGGCTGCGCATTGCGCAGCCTTTTTTTT","GCATGGTGAATCCTCCTTGGAGGGGCTAAATGATCGAGTTTTAAGGGCACGTAGCGAGTTCTGTTTGATCATTGCAGAACTTAGCGGGAGGCGCTATGCGTACATCACTAATGTTATTCCTTCTATCATTTTCCTTGTGAGTTCTGGCTGCGCATGGCGCGGCCTTTTTTTT","Escherichia phage 2B8","Escherichia phage 2B8 Alegriavirus av2B8 Alegriavirus Caudoviricetes Uroviricota Heunggongvirae Duplodnaviria Viruses",48763,FALSE,50.188,"DNA","15-FEB-2020",62,75.8064516129032,24.1935483870968,84.500543444825,NA,0,"Escherichia","Alegriavirus","Alegriavirus","Unclassified","Unclassified","Unclassified","Caudoviricetes","Uroviricota","Heunggongvirae","Duplodnaviria","Group I","PHG","Unspecified"
